,name,date/time,1000000,990000,980000,970000,960000,950000,940000,930000,920000,910000,900000,890000,880000,870000,860000,850000,840000,830000,820000,810000,800000,790000,780000,770000,760000,750000,740000,730000,720000,710000,700000,690000,680000,670000,660000,650000,640000,630000,620000,610000,600000,590000,580000,570000,560000,550000,540000,530000,520000,510000,500000,490000,480000,470000,460000,450000,440000,430000,420000,410000,400000,390000,380000,370000,360000,350000,340000,330000,320000,310000,300000,290000,280000,270000,260000,250000,240000,230000,220000,210000,200000,190000,180000,170000,160000,150000,140000,130000,120000,110000,100000,99000,98000,97000,96000,95000,94000,93000,92000,91000,90000,89000,88000,87000,86000,85000,84000,83000,82000,81000,80000,79000,78000,77000,76000,75000,74000,73000,72000,71000,70000,69000,68000,67000,66000,65000,64000,63000,62000,61000,60000,59000,58000,57000,56000,55000,54000,53000,52000,51000,50000,49000,48000,47000,46000,45000,44000,43000,42000,41000,40000,39000,38000,37000,36000,35000,34000,33000,32000,31000,30000,29000,28000,27000,26000,25000,24000,23000,22000,21000,20000,19000,18000,17000,16000,15000,14000,13000,12000,11000,10000,9900,9800,9700,9600,9500,9400,9300,9200,9100,9000,8900,8800,8700,8600,8500,8400,8300,8200,8100,8000,7900,7800,7700,7600,7500,7400,7300,7200,7100,7000,6900,6800,6700,6600,6500,6400,6300,6200,6100,6000,5900,5800,5700,5600,5500,5400,5300,5200,5100,5000,4900,4800,4700,4600,4500,4400,4300,4200,4100,4000,3900,3800,3700,3600,3500,3400,3300,3200,3100,3000,2900,2800,2700,2600,2500,2400,2300,2200,2100,2000,1900,1800,1700,1600,1500,1400,1300,1200,1100,1000
kodama,1,12171043,50,0,0,0,0,31,62,0,0,0,0,0,32,47,0,0,0,0,0,37,49,0,0,0,0,0,32,48,0,0,0,0,0,30,44,0,0,0,0,0,34,48,20,20,20,0,0,29,42,21,22,21,0,0,29,40,34,56,105,88,151,157,215,235,237,285,298,308,326,356,374,394,411,422,430,441,451,450,449,452,466,468,466,443,477,490,465,487,455,477,438,436,438,451,457,462,465,464,466,460,454,438,422,409,416,438,451,460,462,453,433,424,408,409,414,425,434,438,434,428,412,393,407,419,422,427,414,400,377,408,412,414,390,369,396,410,415,387,371,382,400,383,379,390,384,365,374,372,368,379,371,368,361,352,361,361,362,361,356,350,344,348,349,350,347,346,334,329,338,334,333,328,323,312,302,308,300,295,287,279,255,251,268,261,259,264,259,250,244,284,249,250,254,252,242,233,256,238,241,242,242,231,225,249,227,231,231,230,217,214,243,214,218,219,220,206,197,228,198,202,204,204,194,187,212,184,192,194,192,181,167,187,168,171,180,174,161,152,170,150,217,170,155,144,129,152,130,155,170,136,127,77,116,48,69,156,66,39,0,63,12,50,183,46,23,0,47,25,55,176,20
kodama,1,12171043,0,0,0,39,74,75,0,0,0,0,39,79,50,0,0,0,0,40,75,71,0,0,0,0,42,76,65,10,21,0,0,40,74,24,21,21,0,0,52,71,47,21,21,0,0,39,70,33,23,23,10,0,39,86,45,85,64,85,154,186,205,198,253,275,287,285,300,337,356,375,393,406,415,427,439,453,467,456,451,454,469,475,466,460,496,490,461,497,464,495,470,480,485,483,484,479,476,469,468,454,439,422,446,465,476,483,482,467,452,442,437,427,434,451,457,459,448,439,432,417,418,427,444,444,427,420,402,406,423,436,415,409,403,413,434,415,395,401,422,423,411,410,413,406,400,408,411,412,415,406,401,405,407,411,415,415,408,402,401,410,412,413,419,405,398,397,404,403,405,407,394,392,385,388,389,382,387,373,361,353,351,355,357,358,350,341,340,344,347,352,349,346,336,334,335,339,341,339,337,324,323,324,328,331,332,327,314,314,315,323,322,324,317,306,301,302,310,308,313,304,292,287,287,298,294,295,291,275,272,269,284,276,279,272,257,250,247,279,257,256,251,234,226,225,251,233,231,225,206,197,195,266,204,199,193,173,160,157,264,177,162,154,135,102,136,262,140,83,69,45,0
kodama,1,12171044,0,0,0,15,59,75,0,0,0,0,13,60,74,0,0,10,0,15,60,76,10,10,10,0,13,58,62,10,20,10,0,12,58,62,21,21,21,0,13,57,59,33,22,22,0,12,52,61,23,32,23,0,12,84,86,72,122,146,80,141,180,222,217,216,259,275,286,318,340,354,372,396,405,417,429,445,459,462,460,449,461,471,472,458,476,494,477,487,462,482,446,447,459,467,464,472,472,476,473,466,460,441,425,424,442,452,460,465,459,449,430,431,426,427,435,426,444,445,441,431,413,413,413,419,436,437,420,404,393,406,424,416,398,394,399,416,414,387,381,400,409,395,395,397,387,378,390,391,392,394,387,380,379,381,385,387,391,387,379,373,377,382,384,387,382,370,365,365,375,376,371,368,354,348,341,344,346,340,332,311,297,297,303,305,307,305,293,289,297,305,300,302,300,287,279,300,284,288,291,290,282,271,281,287,280,281,283,268,259,288,267,266,267,270,260,245,255,271,252,254,256,248,231,250,272,234,245,239,231,220,224,251,219,221,222,213,195,217,234,198,201,201,194,174,193,221,175,178,177,174,151,174,203,146,152,155,146,125,117,141,94,97,128,78,32,41,85,41,87,140,37
kodama,1,12171044,20,10,0,10,56,63,10,20,25,0,0,57,69,33,22,33,0,0,48,64,31,22,32,0,0,51,63,35,46,32,10,0,48,64,45,22,51,10,0,49,49,35,46,57,24,0,45,65,60,48,60,37,130,157,123,178,159,187,213,202,234,248,266,284,291,318,316,340,360,379,387,404,413,420,434,447,460,460,460,462,465,470,467,467,488,494,482,492,466,479,473,475,478,482,475,475,466,466,465,468,458,451,445,454,466,468,471,465,460,448,432,438,440,440,446,449,445,438,429,437,431,431,433,431,430,414,412,418,425,427,420,400,398,411,425,425,424,399,398,410,405,409,414,417,405,398,403,403,411,414,416,402,391,397,406,408,411,418,401,393,386,399,399,409,402,396,385,379,382,397,384,395,392,364,367,368,371,375,366,352,332,325,337,330,338,348,337,324,319,322,324,332,331,336,315,312,320,318,321,322,326,306,304,314,309,312,316,314,302,294,304,294,300,303,302,286,277,296,280,282,282,289,268,258,278,258,263,270,278,261,244,278,245,248,253,261,241,230,251,224,238,233,237,222,203,220,200,211,223,207,199,176,187,166,171,209,176,174,147,144,119,149,188,137,132,80,82,55,110,186,54
ryu,2,12171049,0,0,13,25,0,0,0,0,0,15,26,0,0,0,0,0,13,24,0,0,0,0,0,15,22,0,0,0,0,0,13,23,0,0,0,0,0,14,23,10,10,10,0,0,12,24,21,20,11,23,0,13,37,68,86,100,91,122,177,215,223,236,269,283,295,307,341,358,376,393,406,414,426,436,446,460,474,450,450,457,471,478,467,466,496,485,458,493,459,492,444,454,455,462,467,475,479,477,471,455,435,427,430,422,441,442,452,450,458,451,448,435,423,412,412,407,432,446,444,441,423,408,390,400,422,433,431,416,382,365,387,418,420,400,375,385,401,388,378,376,390,392,372,361,373,369,353,363,365,339,336,336,323,326,323,316,314,299,296,296,296,295,293,288,274,267,282,268,265,261,258,239,231,224,227,218,213,207,184,170,161,168,169,172,170,161,156,155,161,164,164,162,153,145,144,210,159,156,158,147,139,137,195,146,147,148,141,131,128,195,139,137,141,133,122,119,145,154,130,130,126,103,89,172,120,102,111,118,84,62,70,93,73,63,60,10,0,21,145,50,50,38,10,0,10,149,34,34,33,0,0,29,96,32,23,31,0,0,60,84,10,0,0,0,0,74,69,0,0,0,0
ryu,2,12171050,0,0,0,0,0,0,24,0,0,0,0,0,0,27,22,0,10,0,0,0,26,21,10,10,0,0,0,25,32,21,21,20,0,0,27,21,20,21,21,0,0,28,22,32,22,35,34,12,73,62,48,107,120,125,97,166,188,224,235,255,242,286,293,313,331,345,364,372,383,399,415,427,437,448,452,460,473,464,472,474,485,483,468,480,496,491,490,505,479,490,471,477,485,490,486,486,473,461,458,453,452,457,442,455,459,468,474,469,467,458,430,418,420,438,451,452,454,448,426,417,410,418,426,435,438,423,401,397,405,420,421,421,398,384,395,410,418,399,386,387,396,385,383,396,390,376,371,373,364,368,367,365,356,341,338,340,338,337,336,331,317,313,312,308,307,309,300,291,277,280,274,270,265,252,241,225,253,235,212,204,192,177,182,175,183,182,183,185,170,173,167,174,181,175,178,167,162,161,165,166,169,169,157,154,147,155,163,157,158,149,141,136,144,149,148,148,139,135,128,131,174,139,138,133,119,104,108,165,127,124,118,98,69,72,149,86,98,59,41,32,36,123,52,64,26,22,0,48,173,36,35,22,0,0,11,151,23,22,11,0,0,10,190,10,0,0,0,0,31,151,0
takamizawa,3,12171128,0,0,0,0,0,0,0,0,0,0,0,0,0,0,0,0,0,0,0,0,0,0,0,0,0,0,0,0,0,0,0,0,0,0,0,0,0,0,0,0,0,0,0,0,0,0,0,0,0,0,0,0,0,0,21,0,0,0,0,0,71,10,0,68,63,32,127,142,182,169,215,228,260,293,307,324,330,356,345,359,373,395,412,416,427,426,423,418,418,416,405,407,402,397,399,396,399,401,400,396,392,388,392,390,393,392,388,382,380,378,381,381,380,374,367,363,365,367,365,362,361,350,346,349,346,345,347,343,330,327,321,322,323,316,316,293,295,293,278,282,281,278,257,242,239,236,234,222,218,213,213,205,196,197,199,199,189,183,180,183,186,185,187,178,170,163,184,169,170,167,160,148,141,142,144,143,143,133,108,105,70,66,88,121,94,75,68,69,64,65,94,60,43,34,48,62,51,80,47,31,33,44,49,52,59,37,10,10,28,48,38,47,24,0,0,25,46,45,34,24,0,11,10,23,32,47,23,0,11,11,33,32,23,11,0,12,0,23,10,20,10,0,13,0,0,10,21,10,0,0,0,0,0,0,0,0,0,0,0,0,0,0,0,0,11,0,0,0,0,0,0
takamizawa,3,12171130,0,0,0,0,0,12,0,0,0,0,0,0,10,0,0,0,0,0,0,11,0,0,0,0,0,0,10,0,0,0,0,0,0,0,0,0,0,0,0,0,0,0,0,0,0,0,0,0,0,10,0,0,0,0,0,10,10,0,10,0,14,50,36,51,92,167,127,154,206,251,257,298,314,323,324,369,378,400,411,428,437,447,446,447,455,454,451,447,441,426,436,435,435,430,421,417,416,421,424,428,429,424,422,415,412,412,412,412,412,412,410,411,410,407,406,400,394,396,398,400,400,396,388,380,384,384,388,378,379,371,365,367,363,364,358,350,352,341,338,333,334,333,323,319,307,299,295,289,283,276,275,260,243,254,240,240,239,237,232,223,226,224,224,221,224,212,206,211,211,205,200,204,185,181,172,172,170,167,162,148,131,131,138,137,140,142,136,124,144,133,130,134,134,131,119,129,130,113,127,128,124,103,87,99,99,110,122,118,87,66,82,74,85,94,103,62,42,80,49,62,62,39,10,10,29,49,49,46,36,0,0,37,35,44,34,23,0,0,51,33,23,33,23,0,0,60,21,21,10,20,0,0,60,10,0,0,0,0,0,61,0,0,0,0,0,0,54,0,0,0,0
kodama,1,12171251,0,0,0,0,0,38,44,0,0,0,0,0,39,43,0,0,0,0,0,37,43,0,0,0,0,0,34,43,10,0,10,0,0,32,41,0,0,10,0,0,34,39,11,21,11,0,0,33,39,32,22,32,10,12,51,41,59,83,127,88,149,180,216,229,249,286,283,299,330,358,373,397,413,423,433,447,459,461,464,470,481,479,468,475,498,489,492,499,489,462,480,471,468,472,477,476,482,479,481,477,474,468,458,462,470,479,481,476,466,448,445,456,470,470,463,449,439,445,457,458,451,436,439,441,448,434,428,429,443,445,426,419,427,429,424,422,428,425,410,415,420,415,417,423,414,411,403,408,411,409,413,407,401,401,403,409,407,411,406,404,399,402,406,404,405,406,396,392,390,392,394,391,390,378,372,370,369,367,362,356,338,333,333,338,340,340,340,332,326,325,329,333,333,337,326,319,316,318,322,322,327,318,307,313,308,311,313,314,308,298,294,293,299,301,303,296,287,281,283,286,285,288,283,272,268,265,270,270,270,266,255,252,247,251,252,251,247,238,229,226,230,229,230,227,212,205,202,204,204,204,203,187,176,169,204,184,174,173,157,142,133,128,185,138,137,100,76,32,82,158,49
ryu,2,12171300,0,0,0,0,0,0,0,0,0,0,14,10,0,0,0,0,0,27,10,0,0,0,0,0,31,22,0,10,10,0,10,31,11,10,10,21,0,0,33,22,21,22,22,0,11,34,33,49,34,24,66,67,88,117,168,194,185,199,193,245,256,283,298,324,327,345,365,387,400,414,423,430,437,443,458,472,484,485,477,476,491,479,489,511,512,495,522,497,524,489,502,497,486,478,482,488,497,509,511,506,497,485,483,478,481,485,479,485,492,491,487,481,471,460,459,469,480,482,477,463,452,445,456,462,463,458,449,445,447,450,443,437,440,449,447,431,430,432,441,439,441,439,429,430,428,434,437,436,433,425,421,423,424,423,429,423,415,409,414,416,413,411,405,393,381,388,388,387,382,376,360,349,348,342,340,329,322,307,290,276,267,268,267,267,254,252,253,255,258,256,257,242,250,262,244,244,246,243,229,233,232,229,231,233,232,217,220,229,216,218,218,216,204,204,200,198,202,205,200,189,189,188,183,199,189,185,172,172,170,165,189,172,170,156,158,150,147,190,156,151,137,147,112,131,188,131,130,118,114,85,73,165,97,53,24,19,61,26,169,49,45,11,34,32,80,185,21,20,0,33,0
otsuki,4,12171306,0,0,0,0,0,15,37,0,0,0,0,0,26,24,0,0,0,0,0,14,22,0,0,0,0,0,14,21,0,0,0,0,0,15,21,10,0,10,0,0,14,20,10,10,10,0,0,14,20,22,22,22,0,0,27,55,79,87,148,112,125,173,229,225,267,275,281,300,326,351,374,394,409,419,430,444,458,461,461,462,472,476,470,464,486,495,472,492,453,479,470,473,477,476,474,468,462,451,444,437,453,448,448,457,464,465,465,457,439,436,427,441,453,457,452,443,424,427,432,440,442,437,434,426,425,424,427,433,430,422,416,420,419,409,411,413,419,392,396,403,396,392,397,397,372,380,378,373,376,371,364,355,350,352,354,355,351,352,339,337,335,338,340,336,334,322,316,310,314,313,308,305,292,281,280,272,270,262,253,237,215,220,238,223,226,225,215,209,225,218,215,216,217,206,199,215,217,206,207,210,198,189,215,198,196,196,197,185,179,202,203,184,184,185,174,165,209,185,173,172,173,162,153,192,184,156,159,158,150,140,175,176,141,143,144,136,122,138,158,127,129,132,111,89,85,93,67,77,85,48,0,13,129,48,46,37,23,0,30,78,34,22,11,11,0,39,56,10,10,10,0
nakamura,5,12171416,0,0,26,21,0,0,0,0,0,26,20,0,0,0,0,0,14,10,0,0,0,0,0,14,10,0,0,0,0,0,25,10,0,0,0,0,0,25,10,0,10,0,0,0,25,10,10,10,20,0,0,37,32,32,32,52,25,79,107,148,195,210,243,228,257,297,292,325,347,364,376,396,413,428,442,454,465,459,448,460,475,482,478,465,489,486,464,496,465,495,464,464,471,474,481,480,480,473,458,440,433,435,445,452,459,462,462,459,446,437,430,432,424,434,450,453,449,444,429,420,419,432,440,435,428,423,424,423,423,418,410,410,420,421,407,394,406,407,407,401,409,387,393,392,387,390,387,381,376,367,365,369,367,367,367,357,353,348,351,354,353,351,346,331,333,336,337,334,334,321,312,305,306,300,299,296,282,270,262,250,243,245,244,239,230,244,232,233,238,236,232,222,236,224,224,226,228,223,213,225,214,215,218,217,213,204,205,201,205,207,208,202,192,201,189,197,193,193,190,178,180,177,178,178,180,176,165,165,159,162,164,165,161,151,153,147,145,152,149,146,135,137,124,128,140,130,129,109,106,83,73,105,93,70,42,38,37,35,94,34,23,10,18,15,29,91,0,0,0,13,0
nakamura,5,12171417,0,0,0,0,0,0,15,24,0,0,0,0,0,14,24,0,0,0,0,0,15,23,0,0,0,0,0,14,22,0,0,0,0,0,14,11,0,0,0,0,0,14,11,0,10,11,0,0,14,21,32,22,48,0,0,68,111,100,112,172,189,207,247,268,272,283,309,335,342,367,388,404,418,433,442,451,461,454,455,464,480,482,470,463,494,488,478,502,474,490,464,476,486,485,486,482,471,455,446,441,439,453,457,460,465,463,469,462,452,448,429,423,435,457,462,462,447,428,411,423,437,446,447,439,418,410,422,433,436,429,419,408,417,418,411,406,412,414,404,399,402,392,403,402,396,395,383,381,385,383,382,383,377,368,367,364,367,371,372,364,360,355,354,354,357,353,349,338,334,328,331,329,328,317,301,293,292,283,279,271,255,246,241,245,246,248,249,248,236,233,234,236,239,238,238,229,221,223,227,229,230,228,216,212,212,216,217,216,216,207,200,199,203,204,204,205,194,188,184,188,190,191,188,180,172,167,185,175,176,176,166,158,154,157,172,161,158,151,136,134,166,157,143,142,133,118,106,115,149,113,123,115,75,10,46,134,59,56,24,0,0,21,137,33,33,11,0,0,30,136,10
kodama,1,12171441,0,0,32,34,0,0,0,0,0,28,33,0,0,0,0,0,30,33,0,0,0,0,0,29,33,0,0,0,0,0,30,21,0,0,0,0,0,28,0,0,0,0,0,0,26,0,10,0,10,0,0,25,32,11,21,21,28,16,87,132,127,143,191,215,214,274,272,285,301,331,351,361,383,408,425,440,450,459,458,452,457,473,479,471,464,480,463,470,471,472,442,442,433,445,457,464,466,466,463,452,437,431,431,425,440,448,448,450,448,446,440,429,425,416,427,440,446,437,435,422,400,416,425,433,433,419,419,415,417,417,414,405,413,421,410,393,401,403,393,404,407,386,384,386,381,383,382,377,378,365,365,362,365,366,368,364,359,357,360,362,362,366,361,353,350,351,354,358,359,354,346,341,339,342,341,337,337,321,312,306,306,307,313,309,299,296,293,297,302,304,303,294,288,287,292,293,296,295,287,280,280,285,285,288,287,280,272,269,274,276,278,280,272,261,259,260,263,266,268,261,252,244,245,250,252,252,246,236,231,230,236,234,237,233,216,212,210,227,214,216,212,198,189,189,203,192,193,188,175,165,162,209,166,163,162,148,134,132,171,136,133,133,117,68,62,128,66,38,47,11,0
okuhara,6,12171508,14,0,0,0,0,0,0,0,12,0,0,0,0,0,0,12,0,0,0,0,0,0,13,0,0,0,0,0,0,11,0,0,0,10,0,0,12,10,0,0,10,0,0,12,0,10,10,10,0,0,53,21,25,64,72,81,68,135,180,193,218,227,228,250,265,271,307,327,341,346,373,392,408,423,437,447,454,452,451,460,472,480,477,464,480,478,465,487,464,484,472,467,463,462,461,453,455,450,447,460,460,464,463,458,444,441,442,453,458,456,452,442,434,436,442,448,446,443,430,426,434,435,433,424,422,427,427,422,411,410,421,420,421,398,397,407,402,401,390,396,389,368,372,383,376,362,370,361,353,350,348,345,339,339,325,316,314,316,318,315,315,304,297,291,292,287,288,288,280,265,265,255,254,246,245,230,215,208,197,191,182,187,180,169,166,182,174,177,178,171,159,156,171,165,165,167,162,151,149,190,157,159,158,153,143,137,165,146,151,150,148,132,129,169,135,137,138,136,124,117,155,123,115,127,126,106,69,107,75,87,89,96,75,22,61,40,62,49,49,11,10,54,35,36,44,34,0,0,61,24,22,22,33,0,0,77,21,20,22,10,0,0,82,22,0,0,0,0,0,82,0
okuhara,6,12171509,0,0,0,0,12,0,0,0,0,0,0,14,0,0,0,0,0,0,12,0,0,0,0,0,0,13,0,0,0,0,0,0,12,0,0,0,0,0,0,12,0,0,0,0,0,0,12,10,10,10,10,0,0,10,21,26,51,52,52,90,136,148,221,261,258,247,267,297,324,350,370,393,402,416,429,446,458,461,458,456,469,473,469,463,484,487,465,483,458,473,476,475,472,459,448,442,447,459,460,461,463,460,449,449,444,446,449,454,452,449,445,436,435,443,446,445,436,431,423,431,437,440,431,416,414,422,433,433,418,404,406,419,417,401,404,406,403,382,386,401,393,385,383,377,361,361,371,360,355,360,336,341,334,335,333,332,328,322,312,312,310,311,310,309,299,289,288,287,287,281,281,264,253,247,246,240,234,232,214,197,184,188,189,191,193,185,179,176,205,182,185,186,180,169,167,196,175,175,177,172,161,156,193,171,165,167,162,154,147,190,164,156,156,154,141,136,193,163,146,145,142,129,125,174,149,132,133,132,119,112,146,117,101,121,120,97,52,74,106,74,73,61,11,0,10,120,47,46,36,10,0,15,130,32,22,10,0,0,33,65,10,0,0,0,0,67,59,0,0,0,0
kodama,1,12171628,0,14,48,48,0,0,0,0,27,56,49,0,0,0,0,14,56,45,0,0,0,0,14,49,35,0,0,10,0,15,51,34,10,10,0,0,14,50,45,10,10,10,0,13,46,46,32,22,22,0,13,51,46,33,33,69,12,39,90,147,165,190,241,224,234,294,320,337,357,379,388,400,412,427,440,456,465,452,444,452,470,478,474,468,486,482,460,497,460,497,460,469,472,476,479,482,480,475,464,445,427,433,438,449,469,468,467,460,448,447,431,425,424,440,448,452,459,450,440,425,403,427,436,444,442,425,408,403,413,428,427,413,395,411,419,414,385,391,409,419,402,393,402,395,392,397,404,398,396,387,387,392,393,396,396,395,385,385,387,393,393,392,389,381,377,379,384,387,386,380,367,360,360,361,360,356,354,333,328,316,310,315,315,313,303,298,299,304,305,308,303,297,288,287,293,296,297,295,287,278,279,283,285,285,286,277,266,268,268,275,274,275,268,256,258,255,261,261,264,256,241,244,238,246,245,244,239,224,223,218,233,228,227,221,207,201,197,256,207,208,202,188,180,178,238,184,185,180,163,155,153,226,187,157,153,136,116,120,211,144,121,127,109,52,56,171,110,50,50,11,0
kodama,1,12181103,0,27,78,120,83,0,0,0,26,78,116,79,0,0,0,28,71,101,64,0,0,0,28,78,98,61,0,0,0,28,80,99,59,0,0,0,27,78,91,58,0,0,0,28,78,98,44,0,0,0,25,74,90,31,0,0,0,27,83,116,157,159,208,232,261,279,305,328,347,362,377,391,404,419,433,440,448,443,450,458,470,469,489,493,483,499,489,493,511,508,504,499,487,479,480,486,492,497,494,486,476,478,483,489,493,486,475,472,477,485,485,479,472,471,473,472,469,470,473,467,461,460,463,462,461,461,457,448,449,447,448,451,446,442,437,432,435,434,438,435,433,426,424,425,429,432,432,429,425,424,424,430,434,435,431,426,424,425,430,432,432,429,424,421,421,425,427,426,421,414,410,408,410,411,405,403,392,384,378,375,372,369,365,361,356,363,361,362,362,359,352,348,364,350,352,352,348,342,337,359,348,340,342,337,330,325,346,327,329,330,326,318,313,344,334,315,315,312,304,297,328,298,300,300,296,288,281,320,305,282,280,277,269,262,316,257,260,260,254,245,238,300,234,233,235,227,217,211,295,209,202,209,195,184,180,291,165,165,204,156,143,141,281,160,157,232,103,44,23,262,20
okuhara,6,12181105,0,0,0,0,0,0,0,0,0,0,0,0,0,0,0,0,0,0,0,0,0,0,0,0,0,0,0,0,0,0,0,0,0,0,0,0,0,0,0,0,0,0,0,0,0,0,0,0,0,0,0,0,0,0,0,0,0,0,0,0,0,11,26,148,46,180,209,254,257,326,317,365,382,400,416,431,443,452,446,439,446,462,465,440,451,477,442,466,446,463,417,413,421,428,444,450,453,455,453,450,439,421,400,386,408,424,428,436,441,442,427,410,390,376,396,404,421,430,428,411,394,366,380,404,416,416,397,372,365,388,400,401,379,376,377,391,391,371,376,383,377,364,363,373,364,359,362,352,350,346,327,334,333,326,323,318,319,314,311,311,307,300,300,298,295,291,287,283,279,274,270,265,259,251,243,236,228,219,210,199,187,184,182,181,181,191,178,178,175,179,172,173,183,170,168,177,169,163,162,166,162,157,164,163,151,152,156,149,147,149,151,141,140,153,138,135,153,140,127,127,147,125,123,126,131,115,114,134,112,109,127,110,92,81,117,30,0,0,50,0,0,0,69,0,0,66,0,0,24,11,0,0,76,0,0,65,0,0,0,70,0,0,96,0,0,27,11,0,0,92,0
ryu,2,12181106,0,0,12,10,0,0,0,0,0,22,0,0,0,0,0,0,22,0,0,0,0,0,0,22,0,0,0,0,0,10,22,0,0,0,0,0,10,22,0,0,0,0,0,11,23,0,0,0,0,0,12,23,0,0,0,0,0,51,101,122,193,187,177,242,253,288,317,336,341,363,381,392,408,420,432,442,451,435,430,444,462,470,462,436,474,473,434,482,449,471,410,409,426,441,453,455,461,459,455,442,434,419,414,397,415,415,430,438,444,448,443,423,396,380,390,404,423,431,429,416,390,365,389,398,412,417,408,378,377,391,397,406,393,369,381,385,391,384,376,376,375,360,353,365,362,354,345,341,327,325,344,322,317,308,297,289,299,285,285,279,277,269,264,262,262,261,256,249,240,235,248,226,223,216,206,193,190,236,172,165,155,151,145,140,140,224,147,147,143,138,131,131,185,138,138,134,131,122,127,186,131,130,125,119,114,113,166,120,120,118,110,104,95,151,102,102,79,68,44,20,54,75,64,43,33,25,0,30,41,10,10,26,10,10,77,0,0,0,27,0,0,71,0,0,0,31,0,43,172,0,0,0,34,0,0,146,0,0,0,32,0,0,170,0,0,0,14,0,40,176,0
kodama,1,12181304,11,29,53,50,0,0,0,0,27,53,39,0,0,0,0,27,54,39,0,0,0,0,15,49,39,0,0,0,0,15,51,41,0,0,0,0,14,50,38,0,0,0,0,15,50,39,0,0,0,0,14,45,38,0,0,0,0,42,86,130,128,206,254,274,259,313,315,358,380,388,404,417,428,441,450,464,471,450,455,465,479,480,457,483,508,482,490,503,463,499,500,505,503,493,482,476,470,458,442,435,455,475,485,497,498,485,459,443,431,422,440,452,471,482,468,446,429,416,415,432,459,465,444,423,412,409,424,450,441,414,409,421,437,446,419,413,416,430,429,422,423,428,419,418,422,426,427,427,424,420,421,420,424,426,427,425,421,419,421,425,426,423,421,415,413,412,414,416,415,409,398,397,396,395,393,390,386,375,366,357,351,353,353,351,345,343,340,342,345,345,343,339,334,334,333,336,336,335,329,324,324,322,325,326,325,320,313,312,310,314,314,312,307,301,296,296,299,300,299,293,286,283,280,296,284,282,277,268,264,262,277,264,262,258,250,242,238,266,246,241,235,228,219,215,267,221,215,209,203,191,186,265,199,181,177,173,157,149,251,178,147,142,142,118,103,225,158,78,54,55,0
kodama,1,12181720,10,0,0,0,28,49,21,0,0,0,0,27,46,0,0,0,0,0,25,43,0,0,0,0,0,27,47,0,0,0,0,0,26,42,0,0,0,0,0,25,44,0,0,0,0,0,26,40,0,0,0,0,0,26,40,0,0,0,0,0,15,39,82,94,125,186,183,284,302,326,352,365,383,408,423,439,453,463,459,443,454,471,470,452,457,490,457,480,456,475,412,418,436,440,457,467,470,472,472,468,455,427,405,405,411,430,447,456,459,450,439,415,400,391,405,425,441,446,438,423,403,378,398,423,435,430,415,385,386,408,423,410,371,381,392,415,404,377,386,400,394,383,395,395,379,383,387,381,386,388,381,379,374,378,381,384,386,384,378,378,376,380,385,384,383,379,375,371,376,379,380,375,371,365,363,362,363,361,357,346,336,335,337,340,343,340,335,330,329,332,334,337,335,330,324,323,325,328,330,327,326,317,314,316,320,323,320,315,310,308,313,310,312,311,308,301,297,299,298,302,300,296,289,285,289,286,288,285,283,274,271,273,269,272,271,265,255,252,264,250,254,251,247,238,230,247,226,228,227,221,212,209,219,195,200,196,190,180,184,193,161,174,162,152,139,145,150,86,108,124,87
ishiguro,7,12181721,0,0,0,0,0,10,0,0,0,0,0,0,0,0,0,0,0,0,0,0,0,0,0,0,0,0,0,0,0,0,0,0,0,0,0,0,0,0,0,0,0,0,0,0,0,0,0,0,27,22,0,54,72,97,133,165,183,221,246,269,282,303,315,330,345,362,378,390,402,412,425,433,438,447,466,474,481,483,476,480,500,480,495,516,511,504,532,490,534,499,508,500,487,478,492,506,516,522,522,517,508,497,484,471,460,473,495,506,509,499,486,476,464,453,481,492,498,487,473,464,455,462,480,482,471,459,460,465,467,472,461,463,463,468,469,466,466,466,466,468,469,471,470,469,468,468,470,471,469,468,469,466,465,466,468,468,465,464,458,458,456,458,458,452,451,446,442,439,438,432,420,421,414,406,403,394,387,375,365,351,337,334,336,334,332,330,326,326,323,322,322,322,320,315,313,310,311,308,307,304,299,298,297,296,295,293,291,286,284,283,284,279,278,275,269,266,264,265,262,260,262,251,247,244,248,241,239,242,230,225,224,241,219,216,235,207,200,206,204,193,190,216,180,176,183,180,165,167,216,153,146,170,142,132,140,198,119,114,159,102,42,62,155,0,12,98,47,0,0,172,0
ishiguro,7,12181722,0,35,67,10,0,0,0,10,46,61,21,0,0,0,11,49,65,10,0,0,0,11,36,62,0,0,0,0,11,35,67,10,0,0,0,10,35,49,0,0,0,0,10,36,49,0,0,0,0,0,36,49,89,117,130,153,198,217,232,256,276,291,309,321,339,356,371,386,400,409,419,428,436,446,463,476,481,482,474,475,496,477,483,513,510,485,528,508,530,494,518,508,498,488,477,473,472,494,507,512,514,510,504,497,483,463,463,472,492,503,507,498,478,460,446,451,467,487,493,477,452,442,447,462,475,478,458,447,444,458,466,467,459,455,456,459,457,460,465,467,461,459,458,462,467,467,468,465,463,459,457,463,467,467,465,461,460,455,464,464,464,457,452,448,453,450,451,449,444,436,432,427,425,422,420,407,399,384,376,369,358,357,353,346,343,350,342,346,345,342,337,332,341,336,333,335,330,324,318,330,316,318,319,316,310,302,307,312,302,305,300,294,286,300,285,285,285,282,276,268,279,267,265,266,262,256,247,283,242,243,242,240,233,224,264,216,214,218,214,206,198,245,193,190,192,186,178,169,227,163,158,182,155,145,138,212,122,122,204,120,91,55,153,48,93,204,0,0,0,150,0
kodama,1,12182225,0,0,0,0,0,30,43,0,0,0,0,0,30,43,0,0,0,0,0,30,47,0,0,0,0,0,28,44,0,0,0,0,0,28,44,0,0,0,0,0,28,41,0,0,0,0,0,28,40,0,0,0,0,0,27,28,0,0,0,10,0,74,86,182,149,275,269,308,312,353,364,391,404,419,431,441,453,448,453,464,476,472,457,482,494,473,504,474,488,496,487,494,494,491,479,460,444,448,461,471,483,484,476,456,444,440,446,460,471,474,463,442,433,439,451,462,460,437,422,428,447,455,452,429,421,429,442,437,424,418,426,427,417,414,426,431,415,414,416,407,410,417,412,410,414,401,405,401,407,406,411,404,399,399,398,402,405,405,402,397,396,398,400,402,400,397,392,389,390,391,394,392,386,380,372,371,371,371,367,359,346,342,345,346,349,349,346,341,337,335,339,341,342,340,334,329,331,331,334,334,334,327,322,320,321,324,325,323,318,313,312,311,314,315,312,307,301,299,298,302,303,300,294,289,291,285,287,286,287,280,272,272,267,269,271,268,260,254,256,246,250,249,246,240,231,235,222,225,223,221,212,203,207,190,211,202,188,179,170,174,151,188,189,148,137,132,107,68,99,174,54
kodama,1,12182225,0,0,0,24,37,0,0,0,0,0,26,38,0,0,0,0,0,25,38,0,0,0,0,0,26,27,0,0,0,0,0,24,26,0,0,0,0,0,25,25,0,0,0,0,0,25,25,0,0,0,0,0,13,22,0,0,0,0,0,13,22,0,0,84,20,179,198,251,214,312,309,360,382,399,418,434,448,459,455,450,461,473,472,463,483,472,479,465,487,470,453,458,465,468,472,472,469,463,450,444,443,452,458,465,466,462,445,429,432,441,446,457,456,443,426,428,436,445,449,443,424,419,429,436,434,425,413,423,429,418,405,414,426,426,404,406,412,402,393,407,411,390,398,386,380,386,378,380,378,372,368,368,366,372,371,369,365,361,361,363,366,367,365,362,357,356,356,358,359,356,350,346,341,342,340,340,335,325,317,309,299,304,306,304,300,296,293,294,297,298,297,294,288,285,285,287,289,288,284,279,275,275,278,280,279,274,269,264,264,269,269,268,264,258,253,252,256,257,255,252,245,240,239,245,242,241,237,227,224,222,238,225,224,220,213,206,202,228,205,205,201,192,185,181,225,183,182,177,168,161,156,223,159,155,149,141,130,125,187,138,123,109,113,54,29,147,68,10,10,14,0
ishiguro,7,12182226,0,0,0,30,62,10,0,0,0,0,32,61,10,0,0,0,0,28,49,0,0,0,0,0,31,47,0,0,0,0,0,30,48,0,0,0,0,0,29,46,0,0,0,0,0,28,45,0,0,0,0,0,26,46,0,52,101,165,187,206,250,258,286,311,329,337,345,369,389,402,416,426,431,435,447,462,473,471,469,468,471,454,485,504,494,488,513,471,515,468,491,491,478,461,456,463,479,490,500,508,493,480,467,462,459,451,461,474,486,492,489,480,464,445,432,432,464,477,483,468,443,432,426,449,459,446,430,432,445,451,446,431,428,432,443,440,429,427,425,437,434,435,434,429,426,428,431,432,434,431,426,426,424,427,430,432,428,423,421,419,420,422,422,418,410,407,406,405,406,402,390,390,381,375,375,369,364,353,339,325,307,311,313,316,313,308,302,299,306,304,304,302,297,290,288,296,290,291,290,285,281,274,283,281,278,276,271,264,259,269,273,263,262,257,250,244,254,259,248,245,241,232,226,237,267,228,226,220,214,206,248,258,208,205,201,192,182,225,215,184,183,178,168,160,213,232,157,156,154,142,131,196,174,125,126,130,92,53,98,150,53,31,32,10,10,132,122,0,0,33,0
otsuki,4,12182227,0,11,0,0,0,0,0,0,11,0,0,0,0,0,10,10,0,0,0,0,0,0,11,0,0,0,0,0,0,11,0,0,0,0,0,0,10,0,0,0,0,0,10,0,0,0,0,0,0,0,0,0,0,0,0,0,0,0,0,0,0,0,0,0,10,0,51,76,83,107,141,257,284,329,371,379,407,428,445,458,462,456,454,463,454,456,471,448,464,456,439,443,450,455,456,452,440,427,418,422,431,438,442,447,440,430,419,417,422,423,433,432,428,424,417,411,407,414,418,416,410,404,402,397,401,407,401,389,388,386,391,399,383,373,375,383,377,369,371,373,358,355,358,356,349,354,339,334,328,322,320,318,313,306,299,295,295,295,296,294,291,286,284,284,285,286,284,278,273,269,259,268,267,265,256,245,241,239,227,223,209,208,203,199,198,217,203,203,198,192,187,186,219,191,191,187,183,179,179,219,186,185,183,177,172,172,212,178,178,177,171,167,164,210,170,171,168,162,155,152,209,156,156,153,146,139,135,175,139,139,136,129,123,119,167,123,122,122,115,98,84,130,78,99,86,43,20,11,81,20,10,10,0,0,0,85,0,0,0,0,0,0,123,0,0,0,0,0,0,121,0
okuhara,6,12182229,0,0,0,0,0,0,0,0,0,0,11,11,0,0,0,0,0,13,23,0,0,0,0,0,23,23,0,0,0,0,0,24,10,0,0,0,0,0,25,22,0,0,0,0,0,12,21,0,0,0,0,0,13,11,0,0,0,22,27,127,135,219,200,261,253,313,321,346,373,383,396,412,424,432,440,452,465,449,456,464,474,461,459,497,496,470,508,462,504,492,449,470,477,486,493,492,490,483,466,456,452,460,474,484,489,482,463,445,439,448,467,476,474,455,437,438,451,463,465,446,424,426,440,452,435,419,431,435,443,416,412,422,429,421,410,416,414,411,405,413,414,407,411,401,399,394,398,397,396,390,377,381,379,380,382,380,377,369,366,364,365,366,363,359,351,343,344,340,339,336,330,318,309,300,294,291,284,272,256,241,225,226,229,231,229,224,218,214,230,225,219,217,213,206,202,224,223,209,207,203,198,193,217,218,197,196,191,184,179,221,212,181,181,177,169,164,215,170,168,168,163,156,151,212,196,153,153,148,142,134,177,193,136,137,133,125,115,185,165,117,119,116,89,53,62,116,44,64,54,31,0,10,180,0,0,10,0,0,31,83,0,0,12,0,0,66,98,0,0,14,0
kodama,1,12201045,15,13,54,91,71,0,0,0,13,54,90,72,0,0,0,12,53,77,69,0,0,0,12,49,73,66,0,0,0,12,49,79,73,0,0,0,11,48,78,72,0,0,0,11,49,74,71,0,0,0,11,35,73,71,10,75,106,147,147,197,230,248,278,298,311,327,342,359,376,393,406,417,425,432,440,455,467,464,463,466,473,457,484,505,490,494,507,482,505,511,481,487,497,501,504,502,498,488,472,462,465,476,486,493,498,491,477,464,459,462,474,481,485,474,462,450,454,465,470,467,456,450,447,457,454,453,452,451,446,438,437,447,446,443,443,443,436,438,441,444,445,445,441,441,440,442,444,448,447,442,437,443,442,444,448,446,444,438,437,440,443,443,441,438,432,430,431,433,432,430,427,418,414,411,405,406,403,394,382,372,359,364,366,366,363,358,354,353,356,357,358,354,350,345,343,347,347,346,345,339,333,331,334,337,336,333,327,322,319,335,326,322,320,314,308,304,307,314,307,304,299,292,288,320,325,289,286,279,274,267,303,303,267,265,259,250,242,277,319,243,241,238,226,217,273,285,213,211,216,195,186,256,263,177,176,187,158,148,252,209,139,149,168,98,93,207,157,53,54,173,0
kodama,1,12201704,0,0,0,0,0,23,0,0,0,0,0,10,12,0,0,0,0,0,10,11,0,0,0,0,0,0,12,0,0,0,0,0,10,11,0,0,0,0,0,10,12,0,0,0,0,0,0,10,0,0,0,0,0,0,10,0,0,0,0,0,0,13,0,20,0,106,139,205,166,284,281,337,333,369,392,413,433,449,458,459,449,450,466,468,452,472,467,448,465,453,417,425,436,442,443,450,452,456,450,445,432,424,419,430,436,444,446,440,430,425,411,424,430,434,431,422,419,424,424,428,426,415,418,415,415,415,411,404,411,413,402,395,396,402,400,387,388,387,376,380,380,378,373,370,363,355,358,359,353,353,347,341,339,332,334,334,334,330,326,323,322,325,329,329,325,325,319,317,319,320,313,316,311,304,299,300,300,299,292,284,273,270,272,274,276,274,271,266,264,270,269,270,269,265,260,258,259,261,263,262,259,253,250,250,252,255,253,250,243,243,242,242,245,243,240,234,229,232,231,233,232,228,221,219,224,218,220,217,215,207,203,205,202,204,203,197,188,187,194,183,184,183,178,172,169,172,160,162,161,156,147,147,151,131,136,133,128,118,114,101,65,67,76,54,10,10,55,0,0,10,0
kodama,1,12201916,0,0,11,27,0,0,0,0,0,10,27,0,0,0,0,0,12,27,0,0,0,0,0,11,25,0,0,0,0,0,11,25,0,0,0,0,0,11,24,0,0,0,0,0,11,12,0,0,0,0,0,11,12,0,0,0,0,0,11,22,41,88,108,137,152,222,261,288,343,346,356,382,398,420,436,452,462,469,453,458,477,485,476,467,495,475,476,483,493,464,452,447,456,462,474,483,488,485,468,447,440,441,453,464,471,476,463,440,429,434,443,455,465,459,435,423,429,444,455,455,427,417,422,434,444,442,420,419,429,429,423,414,419,429,416,400,410,416,407,403,411,402,390,395,392,391,391,385,384,375,368,377,377,378,377,373,369,367,369,370,369,369,365,359,357,357,359,357,355,348,343,335,335,331,328,323,313,302,294,286,274,277,276,272,266,267,263,266,268,267,263,258,256,254,256,256,256,252,247,247,245,245,246,246,241,236,236,231,233,236,234,229,223,224,218,219,221,220,216,210,208,203,204,206,205,201,194,190,187,187,190,188,184,178,179,168,167,176,171,166,159,163,148,150,149,148,145,137,143,128,126,143,128,121,93,104,63,64,98,54,52,21,39,13,48,109,0,0,0,42,0
kodama,1,12202139,10,0,0,33,37,0,0,0,0,0,30,40,0,20,0,0,0,31,32,10,10,0,0,0,27,53,42,20,21,30,14,47,50,34,22,32,10,22,54,57,46,56,54,34,33,55,81,68,85,90,109,99,110,120,155,158,186,209,196,218,237,254,272,284,293,307,318,343,351,368,377,382,395,403,417,430,448,454,455,456,464,469,474,480,482,479,478,476,481,480,473,472,469,467,465,465,469,467,470,463,461,458,460,463,461,463,457,449,454,453,455,455,455,448,443,443,441,445,446,446,439,434,432,437,432,435,431,426,425,420,422,426,426,424,421,411,406,417,415,417,416,410,403,402,406,403,403,409,401,391,388,396,395,395,405,402,388,385,388,390,394,402,391,383,383,388,389,394,393,394,374,374,383,371,373,375,376,357,348,353,340,344,346,349,335,329,337,335,336,337,343,331,323,328,329,327,330,333,319,314,317,319,319,319,324,312,302,309,310,309,310,319,305,295,299,297,297,297,306,295,280,287,288,284,285,293,282,261,269,270,265,269,275,267,250,250,252,247,253,252,243,230,227,232,224,224,229,219,205,199,204,210,197,201,188,178,168,168,179,167,168,155,140,105,110,153,101,109,78,51,21
takamizawa,3,12202144,0,10,20,0,0,0,0,0,0,20,11,10,0,0,0,21,0,0,10,0,0,0,21,20,20,33,20,10,20,10,31,31,43,20,10,10,33,32,21,54,31,31,23,45,58,48,63,72,67,70,75,117,96,133,177,109,152,180,191,218,232,258,260,270,282,298,308,324,336,349,358,368,381,398,413,425,427,431,437,448,454,457,465,464,460,461,464,468,461,460,453,447,443,444,442,448,445,445,441,442,442,443,440,445,441,431,433,430,436,435,435,436,424,423,420,426,428,428,423,418,412,415,418,417,418,414,407,403,405,404,399,402,404,396,386,390,385,390,386,387,378,371,368,373,366,363,369,360,352,340,345,337,337,343,334,318,319,315,315,316,317,316,298,290,300,296,296,297,299,280,279,273,275,268,265,267,250,235,230,224,215,217,224,210,203,223,208,209,207,217,202,200,214,200,199,202,207,197,187,188,194,189,191,199,190,176,178,181,179,180,187,183,164,176,169,170,166,174,174,158,156,157,157,157,163,164,148,138,125,143,152,147,150,125,105,93,103,104,133,115,86,101,85,75,74,82,100,67,53,64,68,96,63,77,47,52,35,53,91,59,58,44,21,33,36,121,20,10,0,10,0
kodama,1,12211424,308,20,0,0,13,69,124,132,20,0,0,12,55,123,123,0,0,0,12,57,130,128,0,0,0,13,58,124,121,0,0,0,12,57,123,119,0,0,0,12,56,120,116,0,0,0,12,57,118,117,0,0,0,11,55,104,101,20,20,20,13,56,122,116,153,212,234,248,255,295,313,344,373,381,395,406,421,437,450,460,468,469,471,479,485,494,494,495,492,486,482,485,487,487,484,480,475,476,479,482,482,479,474,470,470,472,475,474,472,467,464,461,461,466,465,462,456,452,449,452,453,454,450,445,438,436,438,442,441,437,430,428,424,422,421,422,419,417,414,410,407,405,403,401,399,398,395,393,395,397,396,394,394,392,390,393,393,392,392,387,388,389,389,389,388,386,385,381,378,379,377,376,373,372,364,363,358,353,349,343,334,332,332,332,331,330,330,327,325,325,322,323,322,322,319,316,315,314,313,313,311,309,307,309,304,304,309,301,298,296,293,293,292,296,289,287,285,286,276,278,288,276,272,275,271,263,262,272,258,254,254,260,245,244,269,238,234,248,245,222,220,260,214,210,233,225,195,207,254,187,181,224,206,165,186,263,150,144,196,161,123,161,255,112,81,219,87,0,0,291,0
kodama,1,12211425,135,124,138,42,0,0,13,70,124,130,42,0,0,13,57,129,135,53,0,0,12,54,126,123,40,0,0,12,56,124,130,41,0,0,12,56,126,122,52,0,0,11,50,113,123,0,0,0,11,52,108,112,0,0,0,11,52,108,105,63,53,160,190,222,199,277,310,320,320,351,368,381,398,415,428,437,441,434,436,452,469,470,453,474,477,458,490,476,480,493,481,480,476,468,459,450,440,445,457,467,474,477,470,449,433,431,447,459,467,468,451,428,422,437,449,457,452,434,424,427,439,440,432,420,421,432,430,415,405,419,427,423,407,407,411,405,406,414,414,406,403,401,399,407,409,408,407,401,399,398,405,408,409,406,401,397,399,402,407,409,407,399,394,394,399,401,404,397,390,385,373,384,388,385,381,371,363,359,354,350,346,342,335,329,328,352,335,336,335,329,322,320,362,327,329,326,320,313,311,348,330,319,317,311,304,300,337,305,308,307,299,290,297,348,325,294,292,287,277,272,343,277,278,277,270,261,261,326,276,260,259,251,241,241,337,239,236,236,229,219,221,321,211,214,216,206,192,204,323,201,184,210,178,160,181,331,162,151,220,144,124,149,316,159,156,243,68,21,12,320,32
kodama,1,12211833,0,0,30,53,0,0,0,0,0,31,47,10,0,0,0,0,34,47,0,0,0,0,0,33,44,0,0,0,0,0,32,45,0,0,0,0,0,34,43,0,0,20,24,27,50,55,20,49,101,98,127,137,151,173,196,216,226,241,251,269,273,290,304,321,333,339,352,359,375,386,396,401,410,418,432,444,456,454,451,456,466,471,474,484,486,479,488,489,483,491,483,480,476,470,468,470,476,478,474,470,469,468,465,465,466,469,462,458,460,461,458,460,460,452,453,450,450,446,450,447,445,439,433,436,438,440,438,427,421,423,426,430,427,424,418,417,411,418,417,415,417,412,403,405,407,409,409,408,400,399,401,403,404,406,409,399,398,396,398,400,407,405,397,394,391,396,396,395,395,385,379,378,378,377,378,375,366,355,347,344,335,339,337,331,323,325,327,328,329,329,325,316,318,317,320,321,320,314,305,309,309,309,310,313,305,297,305,298,298,301,299,295,285,296,286,286,289,287,280,271,276,270,271,272,272,267,255,263,252,252,255,252,249,236,244,230,232,234,233,228,214,230,208,211,210,208,203,186,209,179,184,183,181,171,154,184,145,147,158,147,135,101,158,95,101,140,72,37,0,82,10
kodama,1,12212032,0,0,0,0,30,47,10,0,0,0,0,30,47,34,0,0,0,0,32,47,0,0,0,0,0,30,45,20,0,0,0,0,31,44,0,0,10,0,0,29,43,0,0,0,0,0,28,43,10,21,10,10,0,39,30,31,54,55,112,95,128,153,180,227,258,277,289,314,340,353,370,389,402,406,417,430,444,456,456,463,467,467,472,485,484,494,489,490,488,485,485,488,487,487,479,477,478,480,482,480,478,473,471,472,472,472,474,472,468,463,462,464,465,465,462,458,454,451,453,455,454,451,448,441,440,441,443,442,442,436,429,427,428,428,429,425,422,412,411,410,412,412,409,405,394,393,393,394,395,396,393,383,382,383,389,388,389,387,380,378,378,383,382,384,378,372,368,359,369,373,370,369,356,350,347,349,348,343,337,321,307,312,314,316,314,316,305,305,306,305,307,309,308,299,294,295,299,298,298,298,290,283,300,290,288,289,290,283,273,278,284,276,278,278,270,263,279,277,264,265,263,257,247,257,263,247,249,245,241,230,247,256,230,229,231,221,208,233,244,209,207,208,202,188,204,225,185,183,182,174,160,185,198,152,152,152,145,124,140,131,94,92,107,51,10,40,100,37,25,64,21
kodama,1,12230955,123,0,0,0,0,30,57,0,0,0,0,0,29,42,0,0,0,0,0,29,55,0,0,0,0,0,29,42,0,0,0,0,0,30,39,0,0,0,0,0,29,42,0,0,0,0,0,28,39,0,0,0,0,0,28,39,0,0,0,0,0,26,75,112,150,178,211,237,278,295,319,342,364,380,397,411,426,440,452,459,465,468,472,478,481,487,491,490,486,481,477,479,479,479,478,475,473,470,471,473,473,471,467,465,463,464,466,465,463,459,457,455,455,456,455,453,448,445,443,443,444,443,441,437,433,431,430,430,429,427,422,420,416,416,415,415,414,409,405,400,397,398,398,394,391,387,381,380,380,382,382,375,374,372,369,373,373,376,373,368,364,365,364,367,367,367,359,357,351,352,354,352,349,342,333,330,328,321,317,309,298,292,300,293,294,294,295,291,285,283,282,286,287,288,283,278,279,274,276,279,279,275,270,267,264,267,269,268,264,259,259,254,259,262,256,253,248,244,239,242,257,243,241,234,237,225,237,256,229,225,220,223,208,236,245,210,206,201,203,188,216,246,189,185,182,181,163,199,251,164,158,153,148,134,138,259,130,127,123,92,62,65,263,51,31,35,31,0,29,243,0
nakamura,5,12231049,0,0,0,0,0,0,0,0,0,0,0,0,0,0,0,0,0,0,0,0,0,0,0,0,0,0,0,0,0,0,0,0,0,0,0,0,0,0,0,0,0,0,0,0,0,0,0,0,0,0,0,0,0,0,0,0,0,0,0,0,0,0,0,76,116,163,121,249,274,280,301,338,359,374,397,410,424,437,449,455,457,458,464,461,462,465,468,463,466,456,446,444,443,443,444,442,442,439,438,436,437,437,438,436,432,428,430,432,432,430,423,423,423,421,421,420,421,417,411,410,412,410,410,407,406,400,397,396,395,395,389,387,382,378,375,376,374,371,364,357,350,347,345,341,336,329,318,312,307,299,294,290,282,278,272,271,272,272,270,269,262,258,254,254,254,252,248,239,235,235,232,225,221,215,206,196,205,204,179,173,160,156,156,152,154,164,157,153,150,149,145,147,149,150,147,143,142,137,139,141,142,140,134,136,129,131,135,134,131,128,127,121,122,128,125,123,119,118,111,113,120,117,114,109,112,72,75,97,107,85,52,51,10,20,41,30,0,20,31,0,0,0,0,0,0,36,0,22,51,0,0,0,36,0,0,69,0,0,0,37,0,0,95,0,0,0,30,0,0,91,0
takamizawa,3,12231050,0,0,0,0,0,0,0,0,0,0,0,0,0,0,0,0,0,0,0,0,0,0,0,0,0,0,0,0,0,0,0,0,0,0,0,0,0,0,0,0,0,0,0,0,0,0,0,0,0,0,0,0,0,0,0,0,0,0,0,0,0,0,0,0,0,0,0,0,50,96,16,202,168,233,299,309,331,354,374,396,414,428,437,443,444,446,447,445,440,433,425,425,426,427,427,425,423,419,419,419,421,420,418,415,413,411,412,412,412,410,406,403,402,401,402,401,398,395,391,390,389,389,387,385,380,378,372,371,374,371,367,361,356,352,349,346,343,339,330,324,318,317,310,304,295,290,280,268,257,257,253,252,245,239,235,232,234,235,236,232,226,222,220,220,220,219,216,209,203,203,202,195,192,185,177,175,163,179,155,149,138,134,130,128,130,135,135,133,128,125,122,124,128,129,127,124,118,116,117,135,122,122,117,112,109,111,115,115,114,111,105,102,73,79,98,97,64,31,23,30,43,61,51,31,0,33,0,0,10,0,0,0,30,0,0,0,0,0,0,25,0,22,0,0,0,13,0,0,22,0,0,0,14,0,0,58,0,0,0,12,0,0,79,0,0,0,0,0,0,84,0
ishiguro,7,12231209,0,0,0,0,0,24,10,0,0,0,0,10,26,10,0,0,0,0,11,26,10,0,0,0,0,10,25,0,0,0,0,0,11,24,0,0,0,0,0,10,12,0,0,0,0,0,11,12,0,0,0,0,0,25,12,0,26,83,57,171,194,215,233,258,261,293,307,331,347,367,379,395,406,417,426,433,446,450,457,467,470,476,485,489,500,503,504,505,505,506,504,505,505,503,501,499,497,498,499,499,497,494,491,491,492,492,491,489,486,484,483,483,484,482,480,477,472,472,472,473,470,468,464,460,459,458,459,458,455,450,448,446,446,445,446,442,438,435,432,433,434,432,429,427,422,421,421,425,424,424,422,418,417,419,420,424,422,420,417,414,415,420,418,417,413,410,405,405,405,405,403,397,390,385,379,379,375,367,355,347,333,331,335,336,335,330,326,323,322,324,326,325,321,315,313,311,312,313,313,308,305,299,301,300,303,302,298,292,286,287,289,288,288,283,279,271,275,275,271,270,267,261,256,259,261,253,251,246,241,234,240,248,231,229,225,218,209,226,221,205,204,200,193,185,205,205,178,178,171,163,153,181,179,144,143,140,125,116,175,97,77,75,68,31,0,65,76,0,0,29,0
nakamura,5,12231338,0,0,0,0,0,0,0,0,0,0,0,0,0,0,0,0,0,0,0,0,0,0,0,0,0,0,0,0,0,0,0,0,0,0,0,0,0,0,0,0,0,0,0,0,0,0,0,0,0,0,0,0,0,0,0,0,0,0,0,0,0,0,0,0,22,65,143,187,136,256,306,317,317,365,373,403,418,437,449,454,451,449,459,465,457,466,452,461,445,450,448,447,445,438,429,423,426,430,432,435,436,431,428,424,424,421,423,422,425,425,425,419,415,414,411,413,413,407,407,405,404,404,402,393,391,393,397,391,387,381,382,375,375,377,373,365,361,356,352,351,348,344,334,329,323,316,313,304,297,287,275,260,263,256,255,252,249,243,239,240,236,238,236,231,224,218,223,220,213,208,201,191,184,180,176,176,171,164,151,140,130,132,135,137,134,130,125,124,138,130,131,129,125,119,118,148,124,125,123,118,112,111,114,117,119,117,112,107,104,108,100,112,111,76,42,10,32,71,85,83,32,20,0,10,48,30,20,0,10,0,11,32,0,0,0,10,0,0,50,0,0,0,0,0,0,56,0,0,0,0,0,0,53,0,0,0,0,0,38,0,0,0,0,0,10,68,0,0,0,0,0
takamizawa,3,12231340,0,0,0,0,0,0,0,0,0,0,0,0,0,0,0,0,0,0,0,0,0,0,0,0,0,0,0,0,0,0,0,0,0,0,0,0,0,0,0,0,0,0,0,0,0,0,0,0,0,0,0,0,0,0,0,0,0,0,0,0,0,0,0,0,0,67,171,186,96,256,213,308,321,356,374,398,426,435,448,451,450,452,463,466,455,467,457,464,459,449,451,442,438,436,439,444,449,450,449,443,432,428,430,431,438,441,440,436,426,420,421,423,429,431,427,419,414,414,421,421,420,411,402,404,412,413,410,401,395,400,394,391,393,393,388,380,376,377,375,374,369,365,362,352,350,350,346,342,333,324,328,309,307,305,303,296,288,285,284,284,288,285,282,275,270,269,269,270,268,261,255,247,242,241,239,234,226,214,204,193,188,189,190,187,182,178,179,178,181,182,179,174,176,167,170,174,173,171,165,166,165,159,164,164,161,156,153,148,149,154,154,151,146,140,137,138,147,143,141,135,128,126,126,130,130,128,123,116,113,113,118,118,116,100,77,55,31,97,65,64,42,10,30,0,10,0,0,0,0,35,0,0,0,0,0,10,10,0,0,0,0,0,15,0,25,75,0,0,0,17,0
kodama,1,12231739,0,0,15,45,0,0,0,0,0,28,29,0,0,0,0,0,28,27,0,0,0,0,0,28,27,10,0,0,0,0,32,25,10,0,0,0,0,30,27,10,10,0,0,0,30,24,21,11,21,0,10,51,39,52,46,22,39,144,131,181,201,215,246,259,283,304,332,337,359,375,385,397,408,420,435,447,455,454,449,456,468,472,466,482,487,464,490,471,489,488,481,481,476,477,470,473,469,465,461,460,464,468,471,470,462,454,450,458,461,465,462,456,449,435,447,449,453,449,441,440,433,438,436,432,432,434,436,430,418,414,426,430,426,420,418,415,403,411,414,417,405,403,394,393,399,398,399,397,389,381,386,385,387,388,387,377,374,375,377,383,382,383,370,367,360,369,367,368,366,354,350,343,344,340,341,334,325,304,303,295,288,288,288,281,273,285,276,277,279,278,271,266,276,266,272,269,271,263,253,265,255,258,258,259,252,242,246,241,245,246,245,239,228,235,223,230,232,231,226,213,227,209,216,214,214,211,196,204,193,197,197,195,190,177,187,169,176,179,178,173,156,172,155,155,158,153,151,133,151,134,120,136,131,120,88,82,48,55,88,64,51,11,48,50,59,121,34,23,0,45,0
ishiguro,7,12231739,0,0,0,12,53,42,0,0,0,0,10,55,41,10,0,10,0,0,53,39,10,0,0,0,0,48,40,10,20,10,0,10,50,39,10,20,21,0,0,37,38,33,33,43,0,0,62,63,87,77,120,114,141,142,175,197,209,236,251,258,276,303,316,328,340,350,363,370,387,400,413,423,429,429,441,455,471,472,472,474,469,471,486,494,494,510,499,508,504,494,500,499,491,491,488,496,495,501,499,498,494,479,478,486,491,494,495,491,476,468,470,480,481,483,477,463,454,465,473,472,464,461,457,460,454,453,451,456,459,448,441,443,447,447,450,452,449,444,437,443,450,451,451,452,443,444,445,450,450,455,451,444,440,444,450,451,451,444,442,437,442,441,444,438,436,425,420,425,429,428,427,423,404,397,393,390,385,380,376,353,333,332,339,341,343,337,335,324,326,329,332,330,332,322,314,324,316,322,321,321,313,303,302,311,305,305,307,304,288,297,302,291,291,291,285,274,276,290,275,273,273,267,253,257,284,255,257,252,253,233,240,257,234,233,231,226,209,222,250,207,208,210,202,189,186,228,181,181,192,176,159,158,211,144,149,167,145,124,128,137,67,71,124,58,12,14,113,23,32,128,33
kodama,1,12232227,102,39,0,0,0,0,0,31,42,0,0,0,0,0,30,40,0,0,0,0,10,30,39,0,0,0,0,0,32,39,0,0,0,0,0,29,39,0,0,0,0,0,28,25,0,0,0,0,0,25,26,0,0,0,0,0,28,26,13,0,41,74,145,183,188,254,235,304,326,346,373,388,403,419,431,441,450,444,443,456,473,476,457,464,489,464,489,480,492,450,442,447,453,465,475,481,483,477,461,445,435,439,451,462,472,471,459,443,432,431,426,458,462,452,432,431,430,439,450,442,427,421,426,438,442,425,408,412,426,429,418,408,416,419,408,404,415,414,409,405,402,400,402,404,405,404,403,399,398,400,404,405,404,400,398,395,397,400,403,401,400,396,393,392,393,396,397,391,389,382,383,381,381,379,376,366,360,353,352,347,340,336,332,329,327,330,332,332,330,325,321,321,321,323,324,321,316,312,310,312,316,314,311,308,303,301,303,303,303,302,297,291,288,300,291,291,289,284,278,275,286,276,277,274,269,263,261,278,259,259,256,252,245,240,267,239,237,238,232,224,221,251,216,217,212,206,200,197,240,189,189,185,180,169,166,226,156,156,154,146,133,125,211,128,118,115,89,32,10,178,0
ishiguro,7,12232228,0,0,0,26,51,42,0,0,0,0,15,48,42,0,0,0,0,16,49,44,0,0,0,0,15,48,43,0,0,0,0,15,48,40,0,0,0,0,15,50,39,0,0,0,0,14,48,37,0,0,0,0,24,99,113,142,177,207,235,246,270,292,308,326,337,354,371,387,399,411,423,431,435,439,460,469,472,483,476,478,473,475,496,516,499,516,529,496,528,519,492,487,497,504,515,522,523,519,514,504,495,481,472,490,498,509,513,505,492,479,485,465,483,492,497,490,475,463,464,469,477,481,472,465,462,468,470,476,472,469,465,467,469,473,473,474,474,471,468,475,476,478,479,478,474,473,474,478,481,479,479,476,474,474,477,479,479,475,468,471,468,469,470,470,463,460,456,455,454,452,451,443,433,426,422,414,411,402,390,373,358,356,359,359,359,357,351,347,345,348,347,347,345,340,334,331,333,335,334,330,329,320,317,336,319,319,316,311,304,308,318,303,302,299,295,288,284,318,283,283,281,276,268,270,300,262,262,258,254,245,245,283,237,237,236,229,218,235,272,210,210,216,202,193,207,227,180,180,201,170,162,189,215,143,165,194,135,125,178,137,77,129,165,53,10,61,84,0,0,206,0
kodama,1,12260851,0,86,0,0,0,0,33,93,69,0,0,0,0,51,90,74,0,0,0,0,46,74,70,0,0,0,0,47,75,69,0,0,0,0,46,72,74,0,0,0,0,30,79,66,0,0,0,0,47,72,70,10,10,10,0,48,71,67,131,46,22,25,94,105,240,212,251,293,324,356,375,397,413,428,438,442,450,430,443,459,474,472,446,471,489,453,499,474,498,439,460,445,438,434,420,430,454,473,484,487,479,465,446,424,404,423,447,469,479,478,453,423,392,397,423,452,466,462,421,391,384,415,446,456,430,387,382,411,436,433,404,391,408,427,404,394,402,424,408,390,396,405,396,400,410,400,399,394,392,399,399,402,401,395,392,391,395,396,401,398,391,388,386,389,391,391,388,381,375,371,373,373,372,369,360,350,344,347,337,331,321,316,309,306,308,312,313,315,308,301,297,309,318,305,305,298,291,287,288,312,295,294,289,281,277,295,322,284,282,280,271,264,262,313,270,270,267,255,250,264,302,254,254,251,239,234,246,296,238,237,233,223,216,234,311,216,215,214,202,195,223,308,194,194,190,179,169,202,307,169,167,174,154,138,169,301,135,137,137,119,76,80,249,113,71,87,12,0,12,310,10
kodama,1,12261139,0,14,30,51,0,0,0,0,14,29,0,0,0,0,0,27,42,0,0,10,0,0,15,27,30,21,10,33,10,15,27,47,21,42,41,32,39,49,57,44,65,69,35,56,67,83,99,134,142,148,166,176,191,192,215,243,244,258,267,289,293,312,328,338,343,353,363,375,386,395,394,404,418,434,443,457,469,462,467,468,476,479,477,491,495,489,500,491,504,490,493,484,476,473,480,486,486,486,484,487,481,481,475,477,476,468,469,469,475,475,474,470,466,456,458,461,462,463,461,457,444,445,448,453,450,444,446,438,437,438,433,441,438,440,432,428,428,428,431,432,432,423,423,427,425,428,430,436,425,422,426,426,427,429,435,424,421,426,416,426,427,431,415,413,413,419,421,415,418,407,402,404,401,398,397,397,390,367,365,363,352,353,358,349,341,344,346,343,347,353,340,329,336,339,334,336,344,333,324,325,331,329,328,335,325,314,318,315,313,318,322,316,301,308,304,303,299,305,305,286,294,288,286,285,288,291,272,269,272,268,264,273,268,251,257,248,245,248,250,245,228,238,223,224,223,219,220,203,218,195,195,190,189,189,174,181,163,159,202,155,151,128,145,104,81,220,79,80,63,71,10
kodama,1,12281448,267,58,0,0,0,24,62,84,64,0,0,0,25,64,82,60,0,0,0,24,50,83,63,0,0,0,14,64,82,62,0,0,0,14,50,82,47,0,0,0,13,50,84,48,0,0,0,14,51,77,49,0,0,0,13,52,66,49,0,55,23,147,204,222,186,274,296,321,338,353,375,384,402,412,423,433,444,447,443,447,462,470,459,442,478,475,466,490,430,468,471,475,474,472,464,441,425,424,429,448,457,465,467,462,449,434,419,408,420,434,435,452,451,442,425,408,403,425,433,440,436,420,392,400,419,425,424,407,391,399,408,418,400,381,379,408,411,384,385,397,389,377,382,395,381,378,383,373,381,381,380,384,377,374,373,374,377,379,378,374,373,371,372,373,375,376,370,366,364,365,365,366,363,360,354,347,348,344,341,336,329,324,322,321,324,326,326,322,318,315,313,318,319,318,317,311,308,307,312,311,314,309,304,300,298,301,305,303,301,297,292,289,292,296,294,291,286,282,277,279,296,281,278,273,272,265,269,296,268,264,259,256,248,263,282,249,244,242,238,228,251,277,228,225,220,223,204,242,298,202,198,198,196,173,218,310,170,165,174,164,137,190,318,133,127,142,101,20,59,306,20
okuhara,6,12281449,0,0,0,0,0,0,0,0,0,0,0,0,10,0,0,0,0,0,0,10,0,0,0,0,0,0,11,0,0,0,0,0,10,22,0,0,0,0,0,0,23,0,0,0,0,0,11,24,0,0,0,0,0,12,24,0,0,0,53,68,89,176,109,242,184,289,275,316,333,354,391,406,400,407,417,431,445,456,453,444,443,458,464,451,448,476,460,455,464,448,427,424,416,425,432,438,439,446,451,454,451,443,423,406,407,413,421,428,431,435,437,431,421,409,398,403,408,417,423,427,423,403,385,384,399,403,414,409,389,385,387,389,399,394,367,374,382,386,376,358,362,376,378,354,353,362,344,342,352,345,337,337,323,322,325,320,322,317,312,307,305,305,306,305,301,296,290,290,284,285,281,277,269,258,251,274,243,236,228,215,201,198,223,200,201,202,197,193,206,217,191,193,201,189,185,201,202,183,185,198,181,176,186,202,172,173,173,171,166,188,170,162,162,167,161,155,175,185,150,151,158,148,143,171,184,136,138,167,136,131,151,154,124,123,166,121,115,119,139,96,86,174,84,52,10,108,10,34,177,0,0,0,135,0,0,137,0,0,0,110,0,0,179,0,0,24,75,0,0,200,0
kodama,1,12281819,0,0,24,0,0,0,0,0,0,26,10,0,0,0,0,0,28,0,0,0,0,0,0,26,0,0,0,0,0,0,25,0,0,0,0,12,11,25,0,10,10,26,23,24,47,22,54,55,66,75,67,87,90,128,127,196,162,185,214,232,252,265,286,289,304,321,329,340,355,372,378,383,398,409,423,430,439,445,445,446,449,456,465,468,458,457,466,458,467,453,457,448,439,438,437,436,442,443,445,436,437,444,447,443,438,433,427,429,425,426,433,440,430,425,419,420,419,418,421,423,417,416,407,411,407,408,408,410,399,396,392,396,399,403,394,389,385,385,386,387,383,377,371,371,369,368,368,371,359,344,347,343,353,344,344,343,332,332,330,335,332,335,327,323,317,325,327,322,329,320,306,302,313,306,311,305,299,280,280,274,267,269,279,271,260,261,261,260,266,267,266,255,247,255,254,252,256,260,248,243,247,244,249,249,251,240,236,234,236,240,238,243,229,221,224,225,225,224,228,221,209,212,208,213,213,212,205,189,194,194,198,198,200,187,179,175,177,181,176,182,172,161,157,161,177,155,160,151,135,136,126,179,136,137,119,76,74,78,116,68,88,85,60,36,56,126,44,33,22,0,0
kodama,1,12281819,0,13,0,0,0,0,0,0,26,21,0,0,0,0,0,14,21,0,0,0,10,0,15,0,0,0,0,0,0,10,0,0,0,25,0,0,0,0,0,0,27,0,39,20,10,22,31,49,60,80,79,114,79,148,149,119,174,208,197,228,241,246,262,276,291,307,319,320,345,352,373,384,392,399,414,420,426,435,441,447,451,451,455,460,451,457,462,450,456,442,446,442,437,439,432,433,435,434,436,435,441,439,438,433,430,427,419,423,417,418,428,423,425,424,422,408,407,416,409,413,415,412,410,402,405,400,408,398,402,400,390,398,394,393,389,391,379,378,386,379,376,379,374,378,370,367,364,361,357,356,353,355,354,344,345,339,348,336,331,344,346,330,332,333,325,328,335,329,319,322,318,317,315,315,317,305,296,298,289,287,284,282,273,273,276,275,271,279,276,268,265,272,266,265,269,271,261,258,265,259,259,260,263,253,249,254,249,252,250,259,244,242,244,242,240,238,243,232,230,232,231,226,227,231,221,216,220,215,212,212,216,207,201,203,204,193,191,198,192,181,186,183,179,176,174,169,164,165,163,156,152,158,150,136,139,138,132,117,129,101,80,63,87,51,49,60,44,24,21,48,23
kodama,1,12281830,54,10,40,10,0,13,37,55,31,42,10,10,13,29,44,32,42,20,20,25,40,62,34,46,20,20,42,42,57,46,58,54,34,43,52,60,48,70,57,36,35,55,61,63,74,89,64,78,109,91,100,148,151,164,165,173,176,192,208,250,251,260,259,276,298,315,337,340,346,362,374,394,407,421,420,426,440,451,454,461,462,461,462,464,468,473,480,468,474,457,456,452,450,448,451,453,448,453,450,457,454,457,452,443,433,435,436,437,443,441,435,433,439,430,432,425,434,426,417,420,426,423,426,424,413,419,409,409,415,412,411,402,401,401,405,397,400,401,400,388,387,394,389,391,390,383,379,378,378,376,374,381,385,360,359,369,367,366,375,376,354,350,368,357,366,370,371,358,355,350,353,351,360,361,336,332,337,338,331,333,335,316,306,315,314,316,317,329,314,303,314,308,308,313,315,306,299,300,305,306,305,314,304,290,289,299,292,293,305,296,280,279,288,286,292,292,290,271,269,275,273,279,282,278,263,254,265,260,257,266,267,249,242,249,251,249,243,250,233,224,234,233,226,229,232,214,203,217,216,205,203,208,193,176,181,207,174,176,180,165,148,145,188,124,143,137,121,56,69,157,69
kodama,1,12301309,0,0,14,58,78,58,0,0,0,15,71,77,50,20,10,26,15,80,84,21,31,70,0,16,86,79,21,31,68,0,13,61,86,45,35,61,12,40,87,99,51,35,47,57,61,129,115,61,102,137,117,162,175,178,184,208,230,242,251,268,279,297,302,318,329,337,348,361,371,385,398,401,403,411,427,439,455,457,453,450,457,468,467,478,485,483,474,476,479,472,481,478,473,459,459,460,466,471,467,471,461,456,454,464,462,458,456,446,449,446,455,453,450,450,439,435,437,445,443,441,442,432,422,424,429,429,429,422,418,408,414,417,414,422,418,416,396,400,405,407,404,409,402,389,392,401,399,405,406,401,390,386,396,395,401,402,397,383,379,389,396,389,392,391,376,371,380,384,382,385,381,361,359,355,364,358,359,352,331,317,312,315,316,321,319,307,304,303,309,310,315,314,300,290,293,301,309,303,305,291,281,283,292,290,295,296,283,270,275,320,282,283,286,275,259,263,295,288,272,275,263,249,247,311,262,254,263,252,234,230,302,327,238,242,235,214,210,303,280,222,222,215,194,187,301,215,192,195,191,165,162,292,233,167,173,169,140,122,272,212,126,142,137,70,73,246,168,72,62,121,20
kodama,1,12301353,90,0,0,0,12,48,57,56,0,0,0,0,45,46,10,0,0,0,12,47,41,0,0,0,0,0,50,43,22,0,12,0,0,46,45,11,10,20,28,12,47,44,21,31,43,23,35,80,69,95,103,152,165,169,184,201,213,230,238,261,260,275,287,299,316,327,343,354,367,375,389,399,410,422,427,435,447,451,448,460,464,466,461,467,480,479,479,487,473,466,469,471,473,472,466,456,448,453,458,460,464,465,462,456,454,448,453,450,450,447,445,440,445,443,442,440,436,424,434,431,430,428,428,424,418,413,419,418,417,421,417,411,408,408,410,412,408,403,399,397,397,398,399,406,397,390,389,391,394,390,400,397,382,378,386,384,384,390,388,379,373,380,377,379,383,386,376,367,370,369,367,371,371,353,343,346,339,341,339,333,313,306,311,309,309,314,317,310,296,305,305,300,304,306,302,288,301,292,295,293,299,290,282,284,285,285,283,287,281,273,282,275,275,271,276,272,259,264,260,261,262,264,258,246,250,248,243,248,247,245,236,237,228,230,228,231,230,213,219,209,213,232,208,207,190,183,185,208,217,180,181,172,172,155,156,194,154,156,136,132,94,160,246,85,96,86,51,34,55,241,0
kodama,1,12301635,0,0,0,0,0,0,10,0,0,0,0,0,10,0,0,0,0,0,0,10,0,0,0,0,0,0,0,0,0,0,0,0,0,0,0,0,0,0,0,0,0,0,0,0,0,0,0,0,0,0,0,0,0,0,0,0,0,0,11,10,0,45,55,167,204,229,245,287,299,314,349,362,373,392,406,419,436,449,455,456,448,453,465,461,454,478,453,465,444,467,441,446,452,455,459,457,449,441,431,416,418,427,433,442,446,449,446,435,409,407,417,427,428,437,438,425,399,399,407,417,428,427,416,393,399,404,414,415,404,394,397,400,402,392,392,391,399,382,365,379,387,371,366,370,363,355,361,354,353,354,341,341,339,337,336,336,337,333,330,322,328,327,327,328,323,322,316,314,312,312,308,304,299,293,286,282,282,274,268,258,245,244,246,247,247,245,242,238,236,237,238,239,237,233,230,228,229,229,230,228,226,221,220,220,221,220,219,213,210,213,212,207,208,206,203,197,202,199,195,194,193,189,184,190,192,182,182,179,178,173,184,173,170,170,168,164,155,176,163,152,153,150,146,140,141,149,132,131,130,124,117,125,123,88,109,110,74,21,11,87,0,0,13,0,0,29,40,0,0,14,0
kodama,1,1061131,0,11,44,59,33,0,0,0,13,48,62,47,0,0,0,11,45,60,35,0,0,0,12,43,64,51,0,0,0,11,31,55,67,0,0,0,10,31,63,51,0,0,0,0,29,60,55,0,0,0,0,29,86,55,11,86,28,123,122,181,195,227,187,268,274,301,323,328,336,355,365,377,383,399,411,426,437,446,446,449,459,464,464,477,477,479,475,480,480,479,477,476,469,462,460,463,468,471,471,465,458,456,459,463,464,461,455,452,452,454,449,450,446,450,449,440,435,440,443,441,433,433,431,426,424,428,426,421,420,414,414,412,410,409,408,405,400,397,396,396,399,396,394,387,386,384,387,388,390,387,386,383,381,385,388,388,386,384,380,379,380,382,384,382,378,374,373,371,373,373,360,365,358,354,352,351,349,341,333,324,311,312,321,315,314,312,306,304,311,309,308,308,304,299,295,295,306,299,299,296,294,288,302,306,290,291,288,284,278,284,304,278,279,275,272,266,286,301,265,266,264,259,253,267,289,249,251,250,243,237,252,280,232,232,235,224,215,240,265,209,210,225,203,195,223,242,183,215,216,176,167,207,189,152,183,258,144,136,165,180,116,179,265,79,63,145,110,21,51,270,0
kodama,1,1081825,0,26,23,0,0,0,0,10,25,12,0,0,0,0,10,25,12,0,0,0,0,10,24,11,0,0,0,0,10,13,11,0,0,0,0,10,13,10,0,0,0,0,0,13,10,0,0,0,0,0,12,10,0,30,31,55,30,100,145,174,160,217,255,284,317,315,337,352,365,382,396,410,423,435,445,452,461,455,466,475,482,485,501,499,506,505,519,513,509,508,509,510,509,505,502,501,503,506,505,501,497,497,500,503,500,493,490,494,496,495,489,489,489,485,482,485,486,481,479,478,473,472,475,470,469,468,463,461,460,459,461,461,460,458,456,456,458,462,463,463,458,460,458,460,464,465,465,463,462,459,465,465,466,466,464,460,460,461,465,463,462,461,455,455,452,455,455,451,448,444,442,436,436,434,428,419,413,405,397,393,382,381,378,375,371,373,373,373,373,369,365,362,363,362,364,364,358,354,351,350,351,352,351,348,342,339,338,337,339,339,334,329,326,324,323,324,322,320,315,310,308,307,306,305,302,296,291,293,287,287,286,282,276,270,276,264,261,263,258,251,245,260,237,237,234,229,223,216,240,209,206,203,199,191,182,220,171,169,171,161,150,144,194,134,130,157,118,78,53,134,0
otsuki,4,1081827,0,0,0,0,0,0,0,0,0,0,0,0,0,0,0,0,0,0,0,0,0,0,0,0,0,0,0,0,0,0,0,0,0,0,0,0,0,0,0,0,0,0,0,0,0,0,0,0,0,0,0,0,0,0,0,0,0,11,0,0,0,28,72,90,169,171,224,234,215,302,324,339,357,369,379,401,416,432,444,453,457,456,459,461,461,466,464,462,458,451,445,445,444,444,442,438,436,438,438,439,438,436,432,432,431,430,431,430,427,426,423,422,421,422,421,420,417,414,414,411,411,409,409,404,402,400,395,396,395,392,389,383,379,377,376,373,368,364,356,349,348,344,341,334,329,319,315,306,298,296,293,291,285,281,277,278,278,278,276,274,267,264,261,259,261,256,251,246,242,236,236,230,226,219,209,201,195,190,185,175,161,157,154,153,154,156,154,151,149,146,145,147,148,146,145,140,137,136,137,138,141,136,133,130,129,129,129,131,128,126,122,120,119,119,120,118,114,111,108,108,111,110,108,95,52,30,20,41,51,30,10,0,15,0,0,0,0,0,0,0,0,0,0,0,0,0,0,0,0,0,0,0,0,0,0,11,0,0,0,11,0,0,39,0,0,0,0,0,0,41,0
okuhara,6,1081830,0,0,0,0,0,0,0,0,0,0,0,0,0,0,0,0,0,0,0,0,0,0,0,0,0,0,0,0,0,0,0,0,0,0,0,0,0,0,0,0,0,0,0,0,0,0,0,0,0,0,0,0,0,0,0,35,0,28,99,77,104,135,180,229,248,291,305,323,340,355,372,388,403,416,429,441,451,460,456,464,474,475,474,485,481,490,488,489,490,488,476,474,474,476,477,476,474,471,468,470,471,469,468,464,462,464,464,460,458,457,453,456,453,450,451,449,446,444,444,443,444,440,438,436,435,433,431,429,427,425,426,421,418,416,414,409,408,404,402,398,397,392,390,385,383,378,376,371,370,365,364,360,361,358,355,354,350,349,347,346,342,341,336,332,332,328,322,317,313,308,292,294,288,281,275,263,256,244,235,221,209,210,207,206,203,202,200,199,200,198,196,194,192,191,189,188,186,184,181,178,177,178,176,175,173,169,167,167,166,167,163,160,156,156,153,151,152,148,146,143,143,138,138,138,136,133,129,130,125,122,123,120,116,114,120,109,105,112,104,93,61,31,10,0,0,33,0,0,11,0,0,0,32,0,0,27,0,0,0,27,0,0,32,0,0,11,0,0,0,34,0
ishiguro,7,1081832,0,0,0,0,0,0,0,0,0,0,0,0,0,0,0,0,0,0,0,0,0,0,0,0,0,0,0,0,0,0,0,0,0,0,0,0,0,0,0,0,0,0,0,0,0,0,0,0,0,0,0,0,0,0,12,11,35,76,133,182,179,220,237,258,290,297,313,334,348,366,380,395,409,420,432,441,451,456,458,466,476,476,479,487,487,496,495,494,497,491,485,485,488,490,488,484,479,481,482,482,482,479,476,475,476,473,471,470,471,470,465,464,463,464,462,460,459,457,452,452,452,451,449,448,445,441,441,438,440,437,434,433,430,426,425,425,423,420,417,413,409,407,408,409,408,405,403,400,401,401,406,405,402,399,397,398,399,401,399,399,395,393,392,393,392,394,390,386,380,379,380,377,374,370,360,355,348,343,338,331,315,316,312,310,311,312,312,310,306,303,301,302,302,303,301,297,293,292,291,292,292,290,287,282,281,278,280,280,279,276,269,265,267,268,266,265,262,257,250,251,251,249,248,244,238,234,231,232,231,228,225,219,214,212,218,211,207,205,197,193,191,209,188,185,179,171,165,166,190,160,155,150,143,135,142,172,126,123,118,100,62,51,112,10,0,0,14,0,0,132,0
kodama,1,1081835,0,0,0,0,0,0,0,0,0,0,0,0,0,0,0,0,0,0,0,0,0,0,0,0,0,0,0,0,0,0,0,0,0,0,0,0,0,0,0,0,0,0,0,0,0,0,0,0,0,0,0,0,0,0,0,0,0,23,89,122,139,181,225,251,268,283,318,335,354,372,386,403,416,430,441,451,459,453,456,469,482,480,475,496,486,495,499,506,479,488,483,468,467,471,482,489,494,489,481,466,460,467,471,482,484,477,464,455,457,466,474,475,461,446,451,460,467,463,446,441,452,455,448,438,438,446,440,427,435,440,438,426,430,429,424,425,427,422,423,424,415,418,413,416,416,415,413,410,408,409,410,412,412,409,408,404,404,405,406,401,403,400,395,393,392,393,391,386,382,376,373,370,367,363,354,345,337,328,320,312,299,298,295,291,290,290,291,290,288,286,282,280,279,282,280,279,275,270,269,268,269,268,266,262,257,255,256,254,255,254,249,244,241,243,241,240,238,234,230,225,229,224,224,222,218,212,208,214,207,205,204,199,195,189,206,186,184,185,179,174,168,192,164,164,160,155,151,144,178,139,139,136,132,124,118,155,112,101,105,86,41,10,93,0,0,0,0,0,0,93,0
nakamura,5,1082139,0,0,0,0,0,0,0,0,0,0,0,0,0,0,0,0,0,0,0,0,0,0,0,0,0,0,0,0,0,0,0,0,0,0,0,0,0,0,0,0,0,0,0,0,0,0,0,0,0,0,0,0,0,0,0,13,12,14,0,50,55,135,140,213,200,258,269,308,309,345,358,373,389,404,416,431,444,454,456,457,457,464,469,466,471,474,465,471,460,450,450,446,442,441,440,441,444,445,447,443,438,432,430,431,433,438,437,436,427,422,419,424,425,426,424,419,414,409,413,416,413,409,402,401,401,403,400,395,391,394,390,380,380,380,380,370,369,365,362,357,352,350,345,338,329,319,318,312,307,301,296,288,285,280,282,279,276,273,269,266,264,263,261,258,258,250,244,239,238,237,234,226,219,210,205,199,196,188,181,170,157,155,156,158,158,158,155,152,153,152,151,152,153,149,145,143,144,145,146,145,143,138,140,140,138,138,138,135,131,130,130,129,130,129,128,123,119,125,121,121,120,119,114,111,112,110,113,111,109,85,72,67,51,62,72,51,10,10,46,0,0,0,0,0,0,47,0,0,0,0,0,0,47,0,0,0,0,0,0,30,0,0,0,0,0,0,26,0,0,0,0
kodama,1,1091759,10,10,0,0,0,0,0,10,10,0,0,0,0,0,10,0,0,0,0,0,0,10,0,0,0,0,0,0,11,0,0,0,0,0,0,10,0,0,0,0,0,0,10,0,0,0,0,0,0,0,0,0,0,0,0,0,0,0,0,48,48,120,125,226,186,255,254,302,304,333,355,370,386,402,417,428,438,449,451,455,461,468,464,468,477,468,483,476,469,465,455,455,458,463,465,464,459,452,447,448,454,456,457,451,444,437,441,445,448,445,438,428,432,436,437,435,427,424,426,424,420,418,420,422,415,406,409,411,407,404,408,402,393,395,392,390,393,389,381,378,370,371,369,367,364,359,352,351,346,348,347,346,342,339,336,337,337,337,336,334,329,326,323,326,326,324,320,315,311,307,308,305,301,293,285,276,269,262,258,248,233,231,232,227,230,230,230,229,224,221,219,221,224,221,219,215,213,209,210,214,211,210,206,202,199,199,201,202,197,194,191,186,192,191,188,185,182,181,175,175,180,176,173,170,169,161,160,173,162,158,156,156,145,147,171,145,140,137,132,126,125,166,126,123,117,115,107,105,151,76,63,41,45,0,0,113,0,0,0,38,0,0,133,0,0,0,30,0,0,154,0
ishiguro,7,1091807,10,0,0,0,0,0,14,24,0,0,0,0,0,13,26,0,0,0,0,0,13,11,0,0,0,0,0,13,23,0,0,0,0,0,12,12,0,0,0,0,0,13,12,0,0,0,0,0,12,12,0,0,26,15,35,112,187,195,193,228,263,258,283,296,316,325,345,355,370,378,393,405,416,426,434,443,453,450,458,466,476,473,484,487,489,500,502,498,504,500,492,486,483,486,485,489,492,488,482,483,481,482,483,485,481,473,470,474,478,478,474,463,460,468,471,469,460,458,459,459,452,451,455,456,445,445,447,441,439,444,443,434,435,432,430,436,433,432,431,430,429,428,430,431,433,433,429,428,429,431,433,434,435,429,428,428,430,431,431,425,427,421,419,420,424,424,418,416,408,406,405,404,403,393,390,382,374,362,359,353,339,337,330,330,329,330,331,331,326,321,320,319,320,319,319,314,311,310,307,310,310,307,305,299,295,293,295,295,293,291,287,281,279,282,278,277,275,269,264,260,271,262,260,258,251,245,242,260,241,240,237,231,225,223,252,219,215,213,208,201,198,243,194,191,186,179,173,175,235,165,162,159,151,139,153,227,130,128,129,120,97,70,174,21,10,40,10,0,0,185,0
kodama,1,1091837,0,0,0,32,40,0,0,0,0,0,47,39,0,0,0,0,0,35,38,0,0,0,0,0,31,25,0,0,0,0,0,31,26,0,0,0,0,10,46,36,20,10,34,54,52,85,66,38,99,115,155,145,162,155,176,192,219,236,248,267,279,290,303,317,332,343,355,362,375,387,398,407,410,418,428,443,456,457,460,460,469,474,480,489,491,494,489,494,491,489,485,488,487,483,479,478,479,476,478,477,476,471,472,471,471,471,471,468,464,459,460,460,462,460,455,449,445,450,452,450,445,441,441,438,437,438,436,438,431,425,421,422,419,422,422,417,410,407,407,408,405,407,403,394,392,393,395,393,396,392,382,377,382,386,385,385,384,370,369,365,372,375,374,374,361,356,357,358,352,352,347,334,330,322,323,316,311,308,290,275,266,267,268,272,268,259,253,251,256,258,258,258,249,241,244,264,248,247,249,238,235,232,238,234,235,237,228,222,217,237,222,225,225,220,206,203,235,211,208,209,205,190,187,213,198,193,194,188,177,170,221,181,174,175,172,159,151,204,173,159,159,158,142,135,203,161,140,138,135,121,95,153,107,85,78,72,43,21,86,97,34,32,32,10,0,107,88,10,10,10,0
kodama,1,1101910,0,0,0,13,28,11,0,0,0,0,14,26,11,0,0,0,0,13,28,11,0,0,0,0,14,28,10,0,0,0,0,13,28,11,0,0,0,0,14,26,11,0,0,0,0,14,26,0,0,0,0,0,14,25,10,0,0,0,62,106,113,218,195,260,247,317,316,351,360,383,399,411,425,437,444,455,466,448,461,468,479,474,456,493,507,474,510,482,511,461,491,477,463,455,455,473,480,494,501,500,494,474,453,447,440,455,467,483,487,482,461,449,435,441,454,471,475,465,443,429,421,449,460,458,439,415,419,438,452,442,413,420,432,443,432,418,423,433,421,415,427,430,420,421,422,419,425,427,425,425,424,423,420,424,425,427,425,424,420,420,421,422,424,423,417,414,412,411,414,413,410,405,398,392,389,387,385,377,368,358,347,346,348,348,347,344,340,337,337,340,339,339,336,331,328,329,328,330,328,324,324,319,319,318,318,318,313,309,305,306,306,304,304,300,297,291,295,293,289,288,284,279,273,275,275,270,268,263,259,252,267,264,249,247,243,237,229,245,248,225,223,222,212,207,220,231,199,198,202,186,178,215,192,167,167,180,154,146,182,173,132,130,162,108,89,165,115,20,0,139,0
kodama,1,1101910,13,0,0,11,12,0,0,0,0,0,12,12,0,0,0,0,0,11,12,0,0,0,0,0,12,12,0,0,0,0,0,12,24,0,0,0,0,0,12,12,0,0,0,0,0,11,11,0,0,0,0,0,11,11,0,0,0,0,22,86,119,169,235,232,253,297,311,346,359,373,384,402,415,429,440,452,463,447,451,461,475,475,453,477,501,474,493,482,484,456,494,482,466,449,431,445,457,468,476,485,489,481,466,450,431,429,441,450,466,474,471,459,441,422,419,444,455,461,458,440,412,412,432,445,447,434,407,400,425,441,424,398,401,420,432,411,390,408,419,398,398,407,407,392,401,398,394,401,397,396,397,393,392,391,393,394,390,388,386,384,385,386,384,383,380,375,371,371,370,368,366,360,353,348,343,339,335,325,318,305,290,292,293,292,292,290,287,284,282,284,283,284,281,277,274,276,272,273,272,269,266,262,262,263,259,259,256,252,247,248,252,245,243,240,236,230,232,244,227,226,224,219,214,216,232,209,209,205,202,195,208,210,190,188,187,181,174,196,188,169,170,171,160,154,180,172,146,152,158,137,130,153,163,118,122,140,101,85,90,78,20,20,106,0,0,52,54,0,0,108,0
kodama,1,1141521,38,49,45,49,35,44,35,33,47,45,37,55,57,35,35,49,38,37,60,52,36,40,51,59,61,70,60,50,44,64,51,53,74,74,50,41,67,74,54,81,94,72,63,105,91,95,125,158,126,141,169,196,198,213,231,233,245,266,279,296,302,314,326,333,348,354,366,378,384,390,394,408,419,432,443,458,464,466,476,477,487,485,495,499,503,500,509,505,509,508,499,497,498,500,502,499,497,496,490,491,490,494,495,499,490,480,483,482,479,485,483,482,477,473,472,467,472,474,470,468,464,468,462,467,466,461,439,456,462,460,449,462,456,453,445,460,451,451,465,469,452,448,457,455,455,460,468,451,457,459,456,463,460,461,456,453,463,455,454,453,465,453,449,461,455,453,457,457,447,442,446,438,439,445,431,431,414,411,421,411,402,411,397,391,393,398,393,392,401,396,387,389,387,390,383,397,385,377,377,380,379,374,386,376,364,366,371,378,364,374,361,352,354,358,355,360,360,358,341,338,349,340,340,351,342,325,321,329,323,318,331,324,311,299,309,305,298,302,297,292,278,284,275,275,276,281,261,259,261,245,251,241,246,228,216,242,215,213,207,205,187,175,216,168,161,164,161,134,119,165,74
takamizawa,3,1141612,50,47,36,44,70,64,62,57,70,71,12,20,0,114,0,0,31,0,53,0,38,94,41,26,61,12,81,80,53,95,61,13,49,91,57,109,20,58,72,117,102,94,110,122,207,110,97,110,137,148,160,150,190,210,221,171,200,224,231,231,254,249,264,258,273,291,309,297,319,315,332,346,352,368,370,372,383,393,394,406,420,415,424,421,423,428,425,428,422,414,406,408,404,409,409,408,400,404,404,399,402,402,401,398,402,397,391,393,392,394,395,380,384,387,380,384,380,381,372,368,380,366,379,366,368,340,344,354,353,345,350,344,343,343,345,334,330,331,324,317,326,317,332,322,324,305,303,300,285,287,281,265,263,247,257,251,263,244,195,226,240,199,203,228,216,213,200,226,166,209,178,189,171,182,154,161,142,190,161,148,166,133,135,147,178,143,156,158,163,84,163,151,134,114,136,159,127,107,150,179,189,111,168,138,125,134,139,140,133,166,147,118,136,129,142,138,172,142,109,117,163,196,132,105,166,128,125,132,151,173,136,131,133,136,92,158,116,149,129,89,112,123,117,148,98,71,81,102,96,59,142,134,104,92,138,55,113,90,81,70,56,84,86,74,76,40,70,12,65,26,0
takamizawa,3,1161455,0,0,0,0,0,0,0,0,0,0,0,0,0,0,0,0,0,0,0,0,0,0,0,0,0,0,0,0,0,0,0,0,0,0,0,0,0,0,0,0,0,0,0,0,0,0,0,0,0,0,0,0,0,0,0,0,0,0,0,0,0,0,0,0,0,14,0,57,180,160,236,255,299,323,353,351,391,409,424,440,450,453,450,451,456,449,459,446,452,424,439,433,429,425,419,414,421,423,428,430,431,431,429,421,414,408,407,412,417,420,422,416,412,406,401,400,403,408,407,405,399,395,392,390,394,392,389,381,379,379,378,381,371,361,361,367,366,356,347,344,346,339,328,329,326,320,303,309,299,290,283,277,265,260,256,254,250,249,248,246,240,237,235,234,235,231,227,221,217,214,213,209,204,198,191,188,188,173,168,160,148,146,143,144,147,146,145,143,140,137,136,137,139,138,136,133,130,129,130,130,130,129,126,122,122,121,123,123,121,119,116,113,113,115,114,112,109,105,104,84,98,105,93,51,31,10,0,0,20,10,0,0,13,0,0,10,0,0,13,0,0,0,0,0,0,13,0,0,0,0,0,0,26,0,0,22,0,0,0,14,0,0,38,0,0,0,11,0,0,41,0
kodama,1,1161501,0,0,0,0,0,0,0,0,0,0,0,0,0,0,0,0,0,0,0,0,0,0,0,0,0,0,0,0,0,0,0,0,0,0,0,0,0,0,0,0,0,0,0,0,0,0,0,0,0,0,0,0,0,0,0,0,0,0,12,46,149,124,198,221,275,271,316,318,334,360,372,393,411,422,434,444,454,444,445,457,473,476,460,467,490,459,489,477,493,447,462,444,434,443,436,462,469,476,477,476,465,451,436,430,440,454,460,467,468,455,445,417,426,440,446,456,453,433,405,419,436,444,442,428,407,403,430,434,421,401,401,423,424,400,403,409,417,399,402,407,399,386,400,396,387,396,384,380,380,371,378,373,375,369,367,365,363,363,363,363,359,356,353,352,351,352,348,345,339,336,331,330,327,323,318,305,300,291,285,276,263,263,260,258,257,257,257,256,256,251,249,248,253,248,246,245,241,236,236,239,235,236,234,230,227,225,227,225,224,222,219,214,212,219,212,211,209,205,200,198,207,198,196,194,190,186,183,197,182,180,178,172,169,165,190,163,161,160,155,150,146,182,143,143,140,133,128,124,170,121,119,116,112,103,42,128,30,20,0,34,0,0,116,0,0,0,16,0,0,125,0
nakamura,5,1161740,0,0,0,0,0,0,0,0,0,0,0,0,0,0,0,0,0,0,0,0,0,0,0,0,0,0,0,0,0,0,0,0,0,0,0,0,0,0,0,0,0,0,0,0,0,0,0,0,0,0,0,0,0,11,0,47,0,70,51,163,60,218,263,267,293,310,302,343,343,370,382,399,410,422,435,446,455,462,457,459,472,478,472,461,486,483,473,491,449,468,474,471,466,462,455,442,440,455,456,460,465,466,460,452,442,437,443,447,453,454,454,447,436,428,435,440,441,444,439,426,414,429,429,435,434,419,406,416,423,427,417,402,408,417,409,396,395,404,401,387,394,392,383,375,383,366,370,370,355,361,351,350,340,335,332,326,325,325,322,322,314,309,308,308,307,302,298,292,288,284,282,278,273,266,256,248,241,234,228,217,205,203,200,199,199,201,200,197,195,192,191,193,192,192,189,188,183,183,183,183,185,180,177,175,172,173,173,172,171,168,164,163,161,162,162,159,156,153,151,150,150,150,148,145,141,138,137,137,138,135,131,127,125,123,124,123,118,118,113,110,109,104,108,96,61,41,0,10,11,0,0,0,13,0,0,11,0,0,0,12,0,0,28,0,0,0,0,0,0,31,0
takamizawa,3,1161741,10,0,0,0,0,0,0,0,0,0,0,0,0,0,0,0,0,0,0,0,0,0,0,0,0,0,0,0,0,0,0,0,0,0,0,0,0,0,0,0,0,0,0,0,0,0,0,0,0,0,0,0,0,0,0,0,0,11,82,108,101,201,193,222,233,278,317,331,336,355,382,388,411,414,429,439,450,460,457,455,461,474,478,462,474,480,464,482,464,473,460,465,464,462,457,452,448,440,437,448,449,456,457,458,452,442,428,433,432,437,444,446,441,429,423,431,428,430,434,434,424,412,419,422,425,424,418,405,407,412,415,408,398,396,398,397,385,384,385,386,377,370,373,367,359,359,354,344,341,333,324,326,319,310,300,305,292,292,286,287,284,278,274,270,269,265,261,260,253,246,241,236,233,227,222,212,202,193,185,176,167,167,165,161,158,162,158,158,158,157,154,151,154,150,151,150,149,145,142,143,142,142,141,140,136,133,138,131,130,131,129,125,122,120,120,120,120,119,116,111,111,109,109,110,108,106,62,32,34,40,20,20,0,0,0,24,0,0,0,0,0,0,11,0,0,0,0,0,10,0,0,0,0,0,0,13,0,0,0,0,0,0,15,0,0,0,0,0,0,16,0
takamizawa,3,1161742,0,0,0,0,0,0,0,0,0,0,0,0,0,0,0,0,0,0,0,0,0,0,0,0,0,0,0,0,0,0,0,0,0,0,0,0,0,0,0,0,0,0,0,0,0,0,0,0,0,0,0,0,0,0,0,12,0,0,0,21,71,148,203,221,213,266,271,312,331,347,358,374,389,407,420,436,448,460,461,462,458,469,474,467,466,482,457,477,449,470,456,458,462,462,459,452,445,441,440,434,441,446,451,455,451,447,443,434,426,435,441,443,443,440,434,420,415,420,432,432,432,421,413,409,418,423,418,407,408,404,406,402,398,388,394,397,387,374,380,383,373,366,370,366,362,350,351,343,341,337,321,319,306,304,298,296,290,288,280,279,273,272,271,268,261,258,254,248,248,243,240,234,226,216,214,205,200,194,183,170,161,158,159,160,158,158,154,152,150,150,151,153,150,147,144,142,142,143,143,140,137,135,139,133,134,133,132,129,125,127,123,123,123,122,119,115,114,114,114,114,112,109,106,98,93,73,104,81,41,20,0,12,0,0,0,0,0,0,12,0,0,0,0,0,0,25,0,0,0,0,0,0,28,0,0,0,0,0,0,25,0,0,0,0,0,0,11,0,0,0,0
otsuki,4,1161743,0,0,0,0,0,0,0,0,0,0,0,0,0,0,0,0,0,0,0,0,0,0,0,0,0,0,0,0,0,0,0,0,0,0,0,0,0,0,0,0,0,0,0,0,0,0,0,0,0,0,0,0,0,0,0,0,0,0,0,0,0,23,39,53,164,134,227,252,269,303,324,342,352,383,400,416,434,448,457,462,463,461,468,469,459,472,465,466,464,466,448,454,454,457,458,456,452,442,429,432,434,439,445,449,451,444,440,427,427,426,437,440,441,437,431,420,419,424,429,433,427,418,406,415,419,424,415,401,409,412,414,405,392,399,403,397,387,383,394,385,374,376,382,366,366,368,361,358,354,348,345,342,340,333,327,326,322,320,320,318,317,316,312,310,311,310,308,306,302,298,295,292,289,287,281,273,267,261,254,246,239,236,235,232,231,230,230,231,230,226,225,224,223,223,222,221,218,216,213,213,215,213,212,210,207,205,204,204,201,202,199,196,194,191,193,191,189,186,184,182,180,178,180,175,174,171,168,164,165,163,163,158,155,152,150,147,144,146,141,138,134,133,129,129,124,119,118,113,114,109,97,84,63,0,20,12,0,0,0,0,0,0,14,0,0,0,0,0,0,26,0
otsuki,5,1162026,0,0,0,0,0,0,0,0,0,0,0,0,0,0,0,0,0,0,0,0,0,0,0,0,0,0,0,0,0,0,0,0,0,0,0,0,0,0,0,0,0,0,0,0,0,0,0,0,0,0,0,0,0,0,0,0,0,0,0,0,0,0,11,21,27,70,48,197,138,264,241,311,361,363,378,397,426,430,445,457,462,458,460,468,462,466,468,462,453,460,448,452,453,453,451,444,438,430,434,438,439,444,443,441,435,427,431,427,431,433,433,430,425,418,421,422,424,425,418,411,411,412,417,414,407,399,402,406,407,400,394,390,395,390,384,379,382,382,363,370,371,360,359,360,351,344,339,329,332,320,313,310,294,291,287,287,285,282,279,275,273,270,269,269,267,263,258,252,252,247,246,243,236,228,223,219,212,207,200,191,179,175,174,174,175,175,174,171,169,168,167,168,168,166,164,163,159,159,160,159,161,156,154,151,149,150,150,148,146,147,143,140,140,140,139,136,134,132,128,129,129,129,125,122,121,117,118,117,117,114,110,107,105,105,99,105,72,41,27,0,10,0,0,0,0,29,0,0,0,0,0,0,30,0,0,11,0,0,0,28,0,0,24,0,0,0,13,0,0,40,0
takamizawa,4,1171715,0,0,0,0,0,0,0,0,0,0,0,0,0,0,0,0,0,0,0,0,0,0,0,0,0,0,0,0,0,0,0,0,0,0,0,0,0,0,0,0,0,0,0,0,0,0,0,0,0,0,0,0,0,0,0,23,41,11,111,160,144,205,229,247,260,298,313,326,339,355,381,387,399,413,422,437,447,458,456,454,459,468,470,457,473,484,458,477,450,472,456,458,460,463,459,458,455,448,440,437,437,432,443,445,448,451,448,444,437,419,405,424,431,435,437,435,427,412,417,419,426,425,425,419,406,404,408,414,415,409,390,394,399,403,400,389,385,388,386,374,373,379,374,363,361,354,356,344,345,338,325,327,319,314,311,309,308,303,293,292,288,288,287,282,278,273,270,262,261,257,255,248,241,232,230,218,216,206,196,184,172,170,170,170,171,172,167,164,181,165,163,163,161,157,154,158,164,155,154,158,151,146,172,156,144,145,144,139,135,159,148,134,134,133,129,125,136,139,123,124,125,119,116,115,138,111,112,114,108,73,71,55,62,71,74,31,0,0,75,0,0,0,26,0,0,98,0,0,11,0,0,0,97,0,0,11,0,0,13,79,0,0,27,0,0,27,25,0,0,28,0
ishiguro,8,1171717,0,0,0,0,12,23,0,0,0,0,10,13,12,0,0,0,0,0,11,11,10,0,0,0,0,13,24,0,0,0,0,0,12,23,0,0,0,0,0,13,11,0,0,0,0,0,12,0,0,0,0,0,0,12,10,26,0,23,27,158,185,213,226,247,280,295,320,338,356,370,385,401,413,424,435,448,458,455,452,457,471,473,460,473,494,480,491,485,488,456,487,482,473,456,446,439,462,470,477,481,481,480,465,452,439,429,437,453,465,470,467,461,440,424,423,446,453,455,453,440,426,413,433,443,444,426,416,414,420,433,420,399,406,421,429,412,395,411,415,404,398,411,407,396,401,398,396,400,400,400,396,397,394,394,396,397,396,394,390,388,390,393,392,390,388,383,383,381,380,379,379,372,365,360,359,353,351,342,335,322,310,310,311,311,310,308,304,301,302,303,303,302,300,295,294,294,293,293,292,289,283,282,281,279,280,280,277,271,267,268,269,266,265,263,258,254,261,255,252,250,248,242,239,241,245,234,232,231,224,219,225,225,214,213,213,205,197,221,214,192,191,194,181,174,194,199,167,166,177,155,147,174,166,136,137,161,124,116,159,110,85,73,118,20,11,110,72,0,0,112,0
takamizawa,4,1171757,0,0,0,0,0,0,0,0,0,0,0,0,0,0,0,0,0,0,0,0,0,0,0,0,0,0,0,0,0,0,0,0,0,0,0,0,0,0,0,0,0,0,0,0,0,0,0,0,0,0,0,0,0,0,0,0,0,0,0,13,0,99,109,96,198,227,264,283,310,337,348,371,388,403,420,433,446,456,455,452,452,465,472,463,459,480,457,467,467,464,427,429,441,448,452,457,457,458,452,445,435,426,420,414,423,437,441,444,444,440,439,419,402,418,424,432,435,435,429,408,385,404,413,423,424,419,395,380,401,409,414,404,380,383,398,397,384,372,381,383,377,355,365,369,364,346,352,350,332,342,329,326,326,315,310,304,302,300,298,300,293,290,285,282,278,277,275,273,268,263,257,250,247,244,237,228,217,212,202,192,183,183,180,178,175,189,174,175,175,172,170,167,180,166,167,166,165,162,159,176,157,157,159,155,152,149,150,147,146,151,145,142,139,143,137,136,137,135,133,129,135,125,125,125,125,121,115,123,113,112,114,112,108,94,96,40,31,71,62,20,10,12,29,0,0,13,0,0,27,0,0,0,25,0,0,32,0,0,0,12,0,0,48,0,0,10,0,0,0,53,0
ishiguro,8,1171758,0,13,27,23,0,0,0,0,24,26,12,0,0,0,0,13,25,12,0,0,0,0,13,26,12,0,0,0,0,12,26,12,0,0,0,0,13,24,11,0,0,0,0,12,13,12,0,0,0,0,11,36,49,49,113,150,185,227,201,263,255,299,318,330,340,356,371,386,400,413,423,432,437,445,462,475,484,485,476,479,496,469,492,517,512,499,531,490,535,493,499,488,482,485,502,512,521,524,519,507,495,485,474,467,477,498,506,509,498,486,479,465,452,479,493,498,485,466,455,451,467,482,484,459,452,450,456,474,465,452,454,459,470,465,459,459,462,462,462,465,468,463,463,462,465,466,468,467,466,467,464,465,466,467,467,465,462,460,460,456,461,460,458,452,450,447,446,444,445,439,432,425,421,414,413,404,396,386,372,358,345,347,345,343,340,338,336,334,334,334,332,328,325,322,321,324,321,319,315,311,310,308,308,307,304,300,298,292,291,293,291,288,285,280,275,273,275,275,271,265,269,256,253,256,252,249,245,252,235,232,240,234,226,222,236,210,206,226,210,202,197,221,184,180,211,191,173,169,203,154,150,212,165,139,135,187,121,115,211,136,97,84,129,10,33,193,90,0,0,140,0
ishiguro,8,1171935,0,24,10,0,0,0,0,10,23,10,0,0,0,0,12,23,11,0,0,0,0,13,12,0,0,0,0,0,11,12,0,0,0,0,0,12,11,0,0,0,0,0,11,11,0,0,0,0,0,11,12,0,0,0,10,25,77,182,188,209,204,239,259,282,315,330,346,356,368,387,401,412,425,436,444,455,467,450,461,465,479,476,460,485,499,473,505,496,502,476,498,486,476,461,459,452,462,469,487,490,492,490,484,470,455,440,447,463,474,482,484,474,451,432,434,443,460,469,470,451,420,415,431,446,459,449,422,409,414,441,444,428,410,420,435,425,410,415,428,427,413,418,420,413,416,422,418,418,416,412,414,417,419,418,418,414,412,413,415,414,414,413,408,404,405,408,405,407,403,394,392,387,384,381,378,370,366,355,347,338,329,330,325,324,320,320,318,319,319,318,314,312,308,308,311,306,307,305,300,297,299,298,297,295,293,287,284,286,283,286,281,278,273,274,269,268,271,267,260,259,257,251,252,252,250,244,238,245,232,231,233,228,224,218,230,208,205,212,206,201,194,216,186,184,203,182,176,168,201,156,154,178,153,144,139,180,125,121,189,123,110,104,102,11,28,163,39,0,0,112,0
takamizawa,4,1172027,0,0,0,0,0,0,0,0,0,0,0,0,0,0,0,0,0,0,0,0,0,0,0,0,0,0,0,0,0,0,0,0,0,0,0,0,0,0,0,0,0,0,0,0,0,0,0,0,0,0,0,0,0,0,0,0,0,0,0,0,0,0,0,0,13,45,0,121,139,209,243,252,281,316,346,357,382,400,419,431,443,450,452,448,453,448,450,448,437,444,430,435,437,436,435,432,430,424,419,401,397,409,412,418,423,424,422,420,412,406,399,401,396,406,408,407,410,403,400,386,389,390,396,396,392,388,374,371,380,378,382,373,364,358,363,364,359,348,341,345,344,341,323,324,322,317,305,304,300,288,273,276,270,269,265,258,256,255,249,249,249,250,247,243,239,236,235,235,230,229,224,218,213,210,207,202,195,188,179,169,160,162,162,162,159,157,154,154,155,156,155,153,152,148,147,157,148,148,145,143,141,139,150,140,140,138,134,131,130,141,131,131,129,126,122,120,120,122,121,119,116,112,109,110,112,110,109,104,61,60,30,62,61,20,10,10,0,0,22,0,0,0,0,0,0,26,0,0,0,0,0,0,25,0,0,0,0,0,0,24,0,0,0,0,0,11,0,0,0,0,0
ishiguro,8,1172029,0,0,11,0,0,0,0,0,0,0,0,0,0,0,0,10,0,0,0,0,0,0,0,0,0,0,0,0,0,10,0,0,0,0,0,0,0,0,0,0,0,0,0,0,0,0,0,0,0,0,0,0,0,0,0,0,0,50,35,80,86,174,200,255,297,304,313,338,371,373,382,402,415,428,440,449,459,444,448,456,473,477,464,460,491,477,483,496,459,484,490,489,484,477,466,456,444,432,428,457,469,478,480,478,469,454,423,419,429,450,448,465,464,449,429,420,414,432,444,454,446,426,408,401,421,436,441,415,391,395,411,435,422,391,395,413,420,396,388,405,411,387,395,404,395,395,398,390,390,391,389,394,391,392,388,386,385,386,388,388,386,384,382,380,379,381,381,378,374,370,368,364,363,359,356,349,344,332,326,321,312,313,310,307,304,303,304,304,304,301,297,295,294,294,294,294,292,289,285,285,287,284,283,282,278,273,272,274,273,272,269,265,261,259,259,259,258,254,251,246,253,243,242,241,239,234,230,232,225,225,223,220,214,210,219,204,202,203,200,194,188,208,180,181,183,172,169,164,193,155,153,162,148,137,142,177,123,121,136,114,76,42,119,12,23,44,0,0,0,121,0
okuhara,7,1221735,0,0,0,0,0,0,0,0,0,0,0,0,0,0,0,0,0,0,0,0,0,0,0,0,0,0,0,0,0,0,0,0,0,0,0,0,0,0,0,0,0,0,0,0,0,0,0,0,0,0,0,0,0,0,0,0,0,0,0,0,0,0,119,91,124,209,227,261,264,311,335,344,357,383,404,418,432,446,456,462,464,467,475,475,479,479,478,479,476,473,468,465,464,462,461,460,461,460,460,458,455,454,452,453,452,452,450,447,446,445,443,443,442,441,438,437,434,435,434,434,431,428,425,423,422,422,420,417,414,410,411,406,404,402,397,395,391,387,384,382,375,370,365,358,353,350,344,339,335,326,310,300,301,294,290,285,279,275,271,266,267,265,262,257,252,249,242,241,237,232,225,219,211,206,198,194,186,177,165,154,142,142,142,142,139,136,135,133,138,134,133,131,129,126,126,125,125,125,123,119,117,116,118,118,117,116,113,110,109,110,112,109,108,94,81,60,63,75,71,40,20,25,0,0,0,10,0,0,26,0,0,10,0,0,0,25,0,0,24,0,0,0,12,0,0,40,0,0,0,10,0,0,42,0,0,0,0,0,0,23,0,0,13,0,0,23,0,0,0,14,0
ishiguro,8,1221736,0,0,10,10,0,0,0,0,0,11,10,0,0,0,0,0,0,10,0,0,0,0,0,0,10,0,0,0,0,0,11,0,0,0,0,0,0,0,0,0,0,0,0,0,0,0,0,0,0,0,0,0,11,71,83,111,203,184,199,239,268,273,298,314,310,338,351,368,383,396,408,419,429,435,443,455,466,465,466,472,474,474,496,500,492,513,491,519,514,492,486,481,494,501,510,512,510,505,492,479,478,485,499,504,502,493,479,469,476,488,492,494,480,461,467,477,484,483,470,453,462,473,470,459,452,458,463,452,440,451,456,448,444,448,446,437,442,445,441,445,442,439,441,440,441,443,442,442,439,438,442,440,442,441,439,437,434,435,433,433,434,429,427,424,424,421,418,415,411,408,402,397,391,388,380,373,365,350,341,331,316,318,316,312,308,309,308,308,306,304,301,297,298,295,295,294,292,289,284,283,281,282,281,278,275,271,275,268,267,268,264,259,255,259,251,251,250,248,244,238,248,233,232,232,229,224,219,231,213,213,212,211,203,198,224,190,189,194,185,179,173,214,166,165,172,158,154,153,198,139,138,146,133,125,132,181,109,87,154,83,10,10,122,12,27,123,10,0,0,131,0
obara,9,1221739,0,0,0,0,0,0,11,11,0,0,0,0,0,10,12,0,0,0,0,0,10,10,0,0,0,0,0,10,10,0,0,0,0,0,10,0,0,0,0,0,0,0,0,0,0,0,0,0,10,0,0,0,0,27,0,62,114,165,143,201,228,263,292,304,310,339,344,365,382,394,408,421,434,441,447,459,474,463,470,472,485,476,470,502,502,482,520,490,520,473,478,472,462,468,481,490,498,504,504,499,489,476,457,455,471,483,489,495,494,482,461,438,442,463,476,481,479,456,437,437,449,464,469,461,436,430,437,455,454,441,429,434,443,441,431,431,438,439,428,429,432,433,432,436,434,430,429,429,430,432,423,433,430,428,427,426,427,427,424,424,420,417,415,414,411,410,403,402,393,389,390,385,378,369,363,354,345,340,328,313,297,294,293,292,292,292,292,288,285,283,281,282,282,279,277,273,270,268,268,267,266,265,259,255,255,256,253,253,249,246,248,239,239,241,237,235,230,235,224,222,225,221,216,212,217,204,203,212,202,197,194,207,185,189,205,181,175,177,178,164,162,192,159,155,155,154,140,139,190,135,131,134,121,112,113,185,108,95,95,46,0,0,141,0,0,25,57,0,0,166,0
nakamura,6,1231243,0,0,0,0,0,0,0,0,0,0,0,0,0,0,0,0,10,0,0,0,0,0,0,14,0,0,0,0,0,0,10,0,0,0,0,0,0,10,0,0,0,11,11,12,23,0,39,0,40,38,57,109,76,117,62,158,154,160,191,175,192,223,254,270,286,295,319,320,343,357,372,383,391,403,412,424,434,440,444,447,453,457,463,465,458,463,458,458,461,453,440,438,434,430,438,440,439,439,438,434,433,432,431,433,428,424,423,423,426,428,428,424,417,413,413,416,417,418,418,409,403,399,400,405,405,399,398,387,391,390,393,392,386,382,374,379,377,373,367,365,362,355,350,349,349,343,339,331,329,319,319,308,307,305,292,288,283,286,284,276,280,269,266,274,263,260,258,258,249,243,235,237,232,227,226,215,202,197,190,183,175,179,173,163,161,228,172,167,173,166,157,156,227,160,163,166,159,150,147,169,154,153,161,155,147,141,156,145,145,147,146,134,131,165,137,135,158,136,125,123,164,125,126,129,126,108,83,161,97,76,107,107,59,57,143,49,71,59,70,42,33,113,47,57,43,35,20,21,105,31,31,20,23,0,0,120,0,0,0,11,0,0,122,0,0,10,0,0,10,142,0
ishiguro,8,1171934,0,0,0,0,0,12,12,0,0,0,0,0,10,10,0,0,0,0,0,12,11,0,0,0,0,0,11,11,0,0,0,0,0,11,10,0,0,0,0,0,12,10,0,0,0,0,0,10,0,0,0,38,0,39,109,102,166,177,170,239,237,270,262,304,285,338,356,360,375,387,396,412,425,435,441,452,466,446,460,465,475,473,452,483,500,478,499,495,492,467,495,491,482,468,458,453,462,467,476,487,491,490,480,464,450,441,449,457,468,473,472,471,457,444,430,447,455,459,464,454,429,422,431,440,450,449,428,413,416,429,441,422,414,411,425,433,412,405,411,419,406,408,414,410,408,411,406,407,408,408,407,404,406,403,405,405,406,404,400,401,399,396,400,397,396,392,386,386,381,384,379,376,369,365,357,351,346,340,330,317,305,302,303,303,302,301,297,293,293,295,293,292,291,286,283,280,279,281,281,279,277,272,270,273,270,268,266,264,259,258,256,255,255,252,249,245,241,253,240,240,237,232,227,227,231,222,221,217,214,208,207,222,201,200,200,193,184,210,205,179,178,186,170,164,186,178,154,152,170,145,137,153,142,124,125,153,115,98,158,85,20,30,110,0,0,58,53,0,0,117,0